dataset_id,dataset_root,episode_index,parquet_path,expected_frames,rows,global_index_min,global_index_max,max_abs_joint_delta,max_abs_joint_delta_frame,max_abs_joint_delta_joint,max_action_jump,max_action_jump_frame,max_action_jump_joint,max_state_jump,max_state_jump_frame,max_state_jump_joint,max_ts_gap_ms,max_ts_gap_frame,ts_gaps_over_warning,state_left_gripper_min,state_left_gripper_max,state_right_gripper_min,state_right_gripper_max,action_left_gripper_min,action_left_gripper_max,action_right_gripper_min,action_right_gripper_max,video_frames,duplicate_frame_candidates,exclude_reasons,review_reasons,status
task_5867,/root/autodl-tmp/data/sft_data/task_5867,0,data/chunk-000/episode_000000.parquet,556,556,0,555,0.14078915119171143,59,12,0.05335664749145508,462,12,0.04194986820220947,321,13,46.429184,443,0,0.0,0.2173333317041397,0.2173333317041397,120.0,0.0,0.0,0.0,1.0,"{""observation.images.hand_left"": 556, ""observation.images.hand_right"": 556, ""observation.images.top_head"": 556}",{},,,pass
task_5867,/root/autodl-tmp/data/sft_data/task_5867,1,data/chunk-000/episode_000001.parquet,497,497,556,1052,0.1380515694618225,40,12,0.07017993927001953,284,13,0.06910198926925659,284,13,48.911104,103,0,0.0,0.2173333317041397,0.0,120.0,0.0,0.0,0.0,1.0,"{""observation.images.hand_left"": 497, ""observation.images.hand_right"": 497, ""observation.images.top_head"": 497}",{},,,pass
task_5867,/root/autodl-tmp/data/sft_data/task_5867,2,data/chunk-000/episode_000002.parquet,496,496,1053,1548,0.13595640659332275,30,12,0.05228579044342041,276,13,0.04625999927520752,273,13,38.979328,189,0,0.0,0.2173333317041397,0.2173333317041397,120.0,0.0,0.0,0.0,1.0,"{""observation.images.hand_left"": 496, ""observation.images.hand_right"": 496, ""observation.images.top_head"": 496}",{},,,pass
task_5867,/root/autodl-tmp/data/sft_data/task_5867,3,data/chunk-000/episode_000003.parquet,526,526,1549,2074,0.15574193000793457,64,12,0.05196559429168701,421,12,0.04709756374359131,300,13,53.69472,383,1,0.0,0.2173333317041397,0.2173333317041397,120.0,0.0,0.0,0.0,1.0,"{""observation.images.hand_left"": 526, ""observation.images.hand_right"": 526, ""observation.images.top_head"": 526}",{},,,pass
task_5867,/root/autodl-tmp/data/sft_data/task_5867,4,data/chunk-000/episode_000004.parquet,495,495,2075,2569,0.12615275382995605,49,12,0.056067705154418945,280,13,0.05885887145996094,283,13,51.95776,445,1,0.0,0.2173333317041397,0.2173333317041397,120.0,0.0,0.0,0.0,1.0,"{""observation.images.hand_left"": 495, ""observation.images.hand_right"": 495, ""observation.images.top_head"": 495}",{},,,pass
task_5867,/root/autodl-tmp/data/sft_data/task_5867,5,data/chunk-000/episode_000005.parquet,526,526,2570,3095,0.1469091773033142,69,12,0.05221450328826904,435,12,0.04554450511932373,288,13,46.372096,224,0,0.0,0.2173333317041397,0.2173333317041397,120.0,0.0,0.0,0.0,1.0,"{""observation.images.hand_left"": 526, ""observation.images.hand_right"": 526, ""observation.images.top_head"": 526}",{},,,pass
task_5867,/root/autodl-tmp/data/sft_data/task_5867,6,data/chunk-000/episode_000006.parquet,496,496,3096,3591,0.13685178756713867,44,12,0.057988882064819336,283,13,0.061493873596191406,283,13,57.091328,353,3,0.0,0.2173333317041397,0.2173333317041397,120.0,0.0,0.0,0.0,1.0,"{""observation.images.hand_left"": 496, ""observation.images.hand_right"": 496, ""observation.images.top_head"": 496}",{},,,pass
task_5867,/root/autodl-tmp/data/sft_data/task_5867,7,data/chunk-000/episode_000007.parquet,498,498,3592,4089,0.14110636711120605,39,12,0.054387688636779785,429,12,0.04741168022155762,287,13,37.272064,367,0,0.0,0.2173333317041397,0.0,120.0,0.0,0.0,0.0,1.0,"{""observation.images.hand_left"": 498, ""observation.images.hand_right"": 498, ""observation.images.top_head"": 498}",{},,,pass
task_5867,/root/autodl-tmp/data/sft_data/task_5867,8,data/chunk-000/episode_000008.parquet,556,556,4090,4645,0.1271931529045105,58,12,0.05512118339538574,335,13,0.05161714553833008,337,13,39.934464,83,0,0.0,0.2173333317041397,0.0,120.0,0.0,0.0,0.0,1.0,"{""observation.images.hand_left"": 556, ""observation.images.hand_right"": 556, ""observation.images.top_head"": 556}",{},,,pass
task_5867,/root/autodl-tmp/data/sft_data/task_5867,9,data/chunk-000/episode_000009.parquet,465,465,4646,5110,0.13932818174362183,69,12,0.06391489505767822,414,12,0.0414961576461792,400,12,39.217664,393,0,0.0,0.2173333317041397,0.2173333317041397,120.0,0.0,0.0,0.0,1.0,"{""observation.images.hand_left"": 465, ""observation.images.hand_right"": 465, ""observation.images.top_head"": 465}",{},,,pass
task_5867,/root/autodl-tmp/data/sft_data/task_5867,10,data/chunk-000/episode_000010.parquet,616,616,5111,5726,0.13299179077148438,213,12,0.0613628625869751,375,13,0.06343072652816772,374,13,37.266944,602,0,0.0,0.2173333317041397,0.2173333317041397,120.0,0.0,0.0,0.0,1.0,"{""observation.images.hand_left"": 616, ""observation.images.hand_right"": 616, ""observation.images.top_head"": 616}",{},,,pass
task_5867,/root/autodl-tmp/data/sft_data/task_5867,11,data/chunk-000/episode_000011.parquet,526,526,5727,6252,0.16260260343551636,52,12,0.05974018573760986,310,13,0.056852102279663086,317,13,51.102464,503,2,0.0,0.2173333317041397,0.2173333317041397,120.0,0.0,0.0,0.0,1.0,"{""observation.images.hand_left"": 526, ""observation.images.hand_right"": 526, ""observation.images.top_head"": 526}",{},,,pass
task_5867,/root/autodl-tmp/data/sft_data/task_5867,12,data/chunk-000/episode_000012.parquet,527,527,6253,6779,0.1566678285598755,446,12,0.057964324951171875,441,12,0.04727208614349365,321,13,50.066432,89,1,0.0,0.2173333317041397,0.0,120.0,0.0,0.0,0.0,1.0,"{""observation.images.hand_left"": 527, ""observation.images.hand_right"": 527, ""observation.images.top_head"": 527}",{},,,pass
task_5867,/root/autodl-tmp/data/sft_data/task_5867,13,data/chunk-000/episode_000013.parquet,527,527,6780,7306,0.13728678226470947,428,12,0.050391435623168945,308,13,0.041740357875823975,306,13,37.710592,444,0,0.0,0.2173333317041397,0.0,120.0,0.0,0.0,0.0,1.0,"{""observation.images.hand_left"": 527, ""observation.images.hand_right"": 527, ""observation.images.top_head"": 527}",{},,,pass
task_5867,/root/autodl-tmp/data/sft_data/task_5867,14,data/chunk-000/episode_000014.parquet,527,527,7307,7833,0.14862209558486938,61,12,0.06253814697265625,441,12,0.043921589851379395,307,13,50.872832,292,1,0.0,0.2173333317041397,0.0,120.0,0.0,0.0,0.0,1.0,"{""observation.images.hand_left"": 527, ""observation.images.hand_right"": 527, ""observation.images.top_head"": 527}",{},,,pass
task_5867,/root/autodl-tmp/data/sft_data/task_5867,15,data/chunk-000/episode_000015.parquet,498,498,7834,8331,0.16512048244476318,430,12,0.059877872467041016,424,12,0.04482901096343994,431,12,50.430464,171,1,0.0,0.2173333317041397,0.2173333317041397,120.0,0.0,0.0,0.0,1.0,"{""observation.images.hand_left"": 498, ""observation.images.hand_right"": 498, ""observation.images.top_head"": 498}",{},,,pass
task_5867,/root/autodl-tmp/data/sft_data/task_5867,16,data/chunk-000/episode_000016.parquet,557,557,8332,8888,0.14003586769104004,447,12,0.049604058265686035,444,12,0.04449748992919922,314,13,51.457792,381,1,0.0,0.2173333317041397,0.2173333317041397,120.0,0.0,0.0,0.0,1.0,"{""observation.images.hand_left"": 557, ""observation.images.hand_right"": 557, ""observation.images.top_head"": 557}",{},,,pass
task_5867,/root/autodl-tmp/data/sft_data/task_5867,17,data/chunk-000/episode_000017.parquet,588,588,8889,9476,0.13967448472976685,26,12,0.05301731824874878,461,12,0.04030942916870117,24,12,49.76768,26,0,0.0,0.2173333317041397,0.0,120.0,0.0,0.0,0.0,1.0,"{""observation.images.hand_left"": 588, ""observation.images.hand_right"": 588, ""observation.images.top_head"": 588}",{},,,pass
task_5867,/root/autodl-tmp/data/sft_data/task_5867,18,data/chunk-000/episode_000018.parquet,551,551,9477,10027,0.15932625532150269,459,12,0.05400174856185913,453,12,0.04753375053405762,345,13,57.104384,476,3,0.0,0.2173333317041397,0.0,120.0,0.0,0.0,0.0,1.0,"{""observation.images.hand_left"": 551, ""observation.images.hand_right"": 551, ""observation.images.top_head"": 551}",{},,,pass
task_5867,/root/autodl-tmp/data/sft_data/task_5867,19,data/chunk-000/episode_000019.parquet,634,634,10028,10661,0.11965948343276978,363,12,0.057838886976242065,408,13,0.049243927001953125,412,13,42.399488,532,0,0.0,0.2173333317041397,0.2173333317041397,120.0,0.0,0.0,0.0,1.0,"{""observation.images.hand_left"": 634, ""observation.images.hand_right"": 634, ""observation.images.top_head"": 634}",{},,,pass
task_5867,/root/autodl-tmp/data/sft_data/task_5867,20,data/chunk-000/episode_000020.parquet,572,572,10662,11233,0.11823046207427979,479,12,0.04868882894515991,497,8,0.04325854778289795,348,13,45.497344,462,0,0.0,0.2173333317041397,0.0,120.0,0.0,0.0,0.0,1.0,"{""observation.images.hand_left"": 572, ""observation.images.hand_right"": 572, ""observation.images.top_head"": 572}",{},,,pass
task_5867,/root/autodl-tmp/data/sft_data/task_5867,21,data/chunk-000/episode_000021.parquet,525,525,11234,11758,0.11786234378814697,454,8,0.05395317077636719,318,13,0.053484320640563965,317,13,44.096256,432,0,0.0,0.2173333317041397,0.2173333317041397,120.0,0.0,0.0,0.0,1.0,"{""observation.images.hand_left"": 525, ""observation.images.hand_right"": 525, ""observation.images.top_head"": 525}",{},,,pass
task_5867,/root/autodl-tmp/data/sft_data/task_5867,22,data/chunk-000/episode_000022.parquet,529,529,11759,12287,0.11357986927032471,434,12,0.05536365509033203,307,13,0.055683016777038574,303,13,44.66816,410,0,0.0,0.2173333317041397,0.2173333317041397,120.0,0.0,0.0,0.0,1.0,"{""observation.images.hand_left"": 529, ""observation.images.hand_right"": 529, ""observation.images.top_head"": 529}",{},,,pass
task_5867,/root/autodl-tmp/data/sft_data/task_5867,23,data/chunk-000/episode_000023.parquet,522,522,12288,12809,0.09670627117156982,55,12,0.05168396234512329,321,13,0.0493660569190979,322,13,49.29024,443,0,0.0,0.2173333317041397,0.0,120.0,0.0,0.0,0.0,1.0,"{""observation.images.hand_left"": 522, ""observation.images.hand_right"": 522, ""observation.images.top_head"": 522}",{},,,pass
task_5867,/root/autodl-tmp/data/sft_data/task_5867,24,data/chunk-000/episode_000024.parquet,520,520,12810,13329,0.10538524389266968,436,8,0.08816105127334595,405,10,0.059364914894104004,317,13,52.333312,405,1,0.0,0.2173333317041397,0.0,120.0,0.0,0.0,0.0,1.0,"{""observation.images.hand_left"": 520, ""observation.images.hand_right"": 520, ""observation.images.top_head"": 520}",{},,,pass
task_5867,/root/autodl-tmp/data/sft_data/task_5867,25,data/chunk-000/episode_000025.parquet,521,521,13330,13850,0.11587011814117432,430,12,0.05202972888946533,311,13,0.053885579109191895,323,13,48.611328,46,0,0.0,0.2173333317041397,0.2173333317041397,120.0,0.0,0.0,0.0,1.0,"{""observation.images.hand_left"": 521, ""observation.images.hand_right"": 521, ""observation.images.top_head"": 521}",{},,,pass
task_5867,/root/autodl-tmp/data/sft_data/task_5867,26,data/chunk-000/episode_000026.parquet,526,526,13851,14376,0.09768903255462646,58,12,0.04023635387420654,292,13,0.04486393928527832,294,13,47.261184,347,0,0.0,0.2173333317041397,0.0,120.0,0.0,0.0,0.0,1.0,"{""observation.images.hand_left"": 526, ""observation.images.hand_right"": 526, ""observation.images.top_head"": 526}",{},,,pass
task_5867,/root/autodl-tmp/data/sft_data/task_5867,27,data/chunk-000/episode_000027.parquet,462,462,14377,14838,0.12887823581695557,382,12,0.05622231960296631,270,13,0.055648088455200195,268,13,59.325696,113,1,0.0,0.2173333317041397,0.0,120.0,0.0,0.0,0.0,1.0,"{""observation.images.hand_left"": 462, ""observation.images.hand_right"": 462, ""observation.images.top_head"": 462}",{},,,pass
task_5867,/root/autodl-tmp/data/sft_data/task_5867,28,data/chunk-000/episode_000028.parquet,517,517,14839,15355,0.1268073320388794,445,12,0.06056010723114014,457,12,0.04735922813415527,344,13,48.980736,34,0,0.0,0.2173333317041397,0.0,120.0,0.0,0.0,0.0,1.0,"{""observation.images.hand_left"": 517, ""observation.images.hand_right"": 517, ""observation.images.top_head"": 517}",{},,,pass
task_5867,/root/autodl-tmp/data/sft_data/task_5867,29,data/chunk-000/episode_000029.parquet,517,517,15356,15872,0.10896545648574829,425,12,0.04919767379760742,304,13,0.056852102279663086,304,13,45.731328,353,0,0.0,0.2173333317041397,0.2173333317041397,120.0,0.0,0.0,0.0,1.0,"{""observation.images.hand_left"": 517, ""observation.images.hand_right"": 517, ""observation.images.top_head"": 517}",{},,,pass
task_5867,/root/autodl-tmp/data/sft_data/task_5867,30,data/chunk-000/episode_000030.parquet,516,516,15873,16388,0.10566562414169312,444,12,0.04844731092453003,436,12,0.04179275035858154,326,13,46.705152,295,0,0.0,0.2173333317041397,0.0,120.0,0.0,0.0,0.0,1.0,"{""observation.images.hand_left"": 516, ""observation.images.hand_right"": 516, ""observation.images.top_head"": 516}",{},,,pass
task_5867,/root/autodl-tmp/data/sft_data/task_5867,31,data/chunk-000/episode_000031.parquet,486,486,16389,16874,0.10657566785812378,83,12,0.04986000061035156,306,13,0.05135548114776611,306,13,46.32064,427,0,0.0,0.2173333317041397,0.2173333317041397,120.0,0.0,0.0,0.0,1.0,"{""observation.images.hand_left"": 486, ""observation.images.hand_right"": 486, ""observation.images.top_head"": 486}",{},,,pass
task_5867,/root/autodl-tmp/data/sft_data/task_5867,32,data/chunk-000/episode_000032.parquet,485,485,16875,17359,0.11773335933685303,58,12,0.049513161182403564,413,8,0.0515822172164917,294,13,45.874176,89,0,0.0,0.2173333317041397,0.0,120.0,0.0,0.0,0.0,1.0,"{""observation.images.hand_left"": 485, ""observation.images.hand_right"": 485, ""observation.images.top_head"": 485}",{},,,pass
task_5867,/root/autodl-tmp/data/sft_data/task_5867,33,data/chunk-000/episode_000033.parquet,484,484,17360,17843,0.12812435626983643,394,12,0.052955806255340576,388,12,0.044515013694763184,286,13,47.906048,382,0,0.0,0.2173333317041397,0.2173333317041397,120.0,0.0,0.0,0.0,1.0,"{""observation.images.hand_left"": 484, ""observation.images.hand_right"": 484, ""observation.images.top_head"": 484}",{},,,pass
task_5867,/root/autodl-tmp/data/sft_data/task_5867,34,data/chunk-000/episode_000034.parquet,480,480,17844,18323,0.12319791316986084,55,12,0.06046605110168457,284,13,0.05269902944564819,284,13,48.5696,204,0,0.0,0.2173333317041397,0.0,120.0,0.0,0.0,0.0,1.0,"{""observation.images.hand_left"": 480, ""observation.images.hand_right"": 480, ""observation.images.top_head"": 480}",{},,,pass
task_5867,/root/autodl-tmp/data/sft_data/task_5867,35,data/chunk-000/episode_000035.parquet,449,449,18324,18772,0.13200020790100098,41,12,0.048584699630737305,280,13,0.06447780132293701,280,13,43.762432,294,0,0.0,0.2173333317041397,0.2173333317041397,120.0,0.0,0.0,0.0,1.0,"{""observation.images.hand_left"": 449, ""observation.images.hand_right"": 449, ""observation.images.top_head"": 449}",{},,,pass
task_5867,/root/autodl-tmp/data/sft_data/task_5867,36,data/chunk-000/episode_000036.parquet,477,477,18773,19249,0.11988526582717896,52,12,0.05890047550201416,283,13,0.0517042875289917,283,13,50.825728,124,1,0.0,0.2173333317041397,0.2173333317041397,120.0,0.0,0.0,0.0,1.0,"{""observation.images.hand_left"": 477, ""observation.images.hand_right"": 477, ""observation.images.top_head"": 477}",{},,,pass
task_5867,/root/autodl-tmp/data/sft_data/task_5867,37,data/chunk-000/episode_000037.parquet,448,448,19250,19697,0.14247268438339233,57,12,0.054143548011779785,274,13,0.052123069763183594,279,13,42.296832,243,0,0.0,0.2173333317041397,0.2173333317041397,120.0,0.0,0.0,0.0,1.0,"{""observation.images.hand_left"": 448, ""observation.images.hand_right"": 448, ""observation.images.top_head"": 448}",{},,,pass
task_5867,/root/autodl-tmp/data/sft_data/task_5867,38,data/chunk-000/episode_000038.parquet,454,454,19698,20151,0.14283740520477295,43,12,0.04851698875427246,256,13,0.04615509510040283,253,13,43.808512,81,0,0.0,0.2173333317041397,0.0,120.0,0.0,0.0,0.0,1.0,"{""observation.images.hand_left"": 454, ""observation.images.hand_right"": 454, ""observation.images.top_head"": 454}",{},,,pass
task_5867,/root/autodl-tmp/data/sft_data/task_5867,39,data/chunk-000/episode_000039.parquet,463,463,20152,20614,0.12430012226104736,403,8,0.06528890132904053,412,8,0.06219184398651123,288,13,46.108928,364,0,0.0,0.2173333317041397,0.2173333317041397,120.0,0.0,0.0,0.0,1.0,"{""observation.images.hand_left"": 463, ""observation.images.hand_right"": 463, ""observation.images.top_head"": 463}",{},,,pass
task_5867,/root/autodl-tmp/data/sft_data/task_5867,40,data/chunk-000/episode_000040.parquet,452,452,20615,21066,0.15594130754470825,374,12,0.07217133045196533,387,12,0.04910433292388916,268,13,42.53952,210,0,0.0,0.2173333317041397,0.2173333317041397,120.0,0.0,0.0,0.0,1.0,"{""observation.images.hand_left"": 452, ""observation.images.hand_right"": 452, ""observation.images.top_head"": 452}",{},,,pass
task_5867,/root/autodl-tmp/data/sft_data/task_5867,41,data/chunk-000/episode_000041.parquet,482,482,21067,21548,0.11926877498626709,56,12,0.05514019727706909,409,12,0.05203592777252197,301,13,41.261056,453,0,0.0,0.2173333317041397,0.2173333317041397,120.0,0.0,0.0,0.0,1.0,"{""observation.images.hand_left"": 482, ""observation.images.hand_right"": 482, ""observation.images.top_head"": 482}",{},,,pass
task_5867,/root/autodl-tmp/data/sft_data/task_5867,42,data/chunk-000/episode_000042.parquet,482,482,21549,22030,0.1458835005760193,61,12,0.059604644775390625,294,13,0.06259322166442871,294,13,49.152768,294,0,0.0,0.2173333317041397,0.0,120.0,0.0,0.0,0.0,1.0,"{""observation.images.hand_left"": 482, ""observation.images.hand_right"": 482, ""observation.images.top_head"": 482}",{},,,pass
task_5867,/root/autodl-tmp/data/sft_data/task_5867,43,data/chunk-000/episode_000043.parquet,463,463,22031,22493,0.13393020629882812,50,12,0.05093812942504883,389,12,0.04383444786071777,291,13,43.387648,158,0,0.0,0.2173333317041397,0.2173333317041397,120.0,0.0,0.0,0.0,1.0,"{""observation.images.hand_left"": 463, ""observation.images.hand_right"": 463, ""observation.images.top_head"": 463}",{},,,pass
task_5867,/root/autodl-tmp/data/sft_data/task_5867,44,data/chunk-000/episode_000044.parquet,581,581,22494,23074,0.14775115251541138,93,12,0.05985766649246216,362,13,0.05573534965515137,361,13,40.832768,482,0,0.0,0.2173333317041397,0.2173333317041397,120.0,0.0,0.0,0.0,1.0,"{""observation.images.hand_left"": 581, ""observation.images.hand_right"": 581, ""observation.images.top_head"": 581}",{},,,pass
task_5867,/root/autodl-tmp/data/sft_data/task_5867,45,data/chunk-000/episode_000045.parquet,521,521,23075,23595,0.1556839942932129,435,12,0.06031394004821777,430,12,0.04523038864135742,432,12,42.43712,332,0,0.0,0.2173333317041397,0.2173333317041397,120.0,0.0,0.0,0.0,1.0,"{""observation.images.hand_left"": 521, ""observation.images.hand_right"": 521, ""observation.images.top_head"": 521}",{},,,pass
task_5867,/root/autodl-tmp/data/sft_data/task_5867,46,data/chunk-000/episode_000046.parquet,552,552,23596,24147,0.13620597124099731,49,12,0.05700182914733887,344,13,0.05983608961105347,343,13,51.266048,181,1,0.0,0.2173333317041397,0.2173333317041397,120.0,0.0,0.0,0.0,1.0,"{""observation.images.hand_left"": 552, ""observation.images.hand_right"": 552, ""observation.images.top_head"": 552}",{},,,pass
task_5867,/root/autodl-tmp/data/sft_data/task_5867,47,data/chunk-000/episode_000047.parquet,612,612,24148,24759,0.14886420965194702,544,12,0.0662696361541748,544,12,0.05280369520187378,545,12,37.765632,571,0,0.0,0.2173333317041397,0.2173333317041397,120.0,0.0,0.0,0.0,1.0,"{""observation.images.hand_left"": 612, ""observation.images.hand_right"": 612, ""observation.images.top_head"": 612}",{},,,pass
task_5867,/root/autodl-tmp/data/sft_data/task_5867,48,data/chunk-000/episode_000048.parquet,522,522,24760,25281,0.13336437940597534,32,12,0.06672990322113037,300,13,0.06069105863571167,294,13,47.71584,354,0,0.0,0.2173333317041397,0.0,120.0,0.0,0.0,0.0,1.0,"{""observation.images.hand_left"": 522, ""observation.images.hand_right"": 522, ""observation.images.top_head"": 522}",{},,,pass
task_5867,/root/autodl-tmp/data/sft_data/task_5867,49,data/chunk-000/episode_000049.parquet,612,612,25282,25893,0.13363128900527954,535,12,0.053237080574035645,533,12,0.043276071548461914,536,12,47.146496,15,0,0.0,0.2173333317041397,0.0,120.0,0.0,0.0,0.0,1.0,"{""observation.images.hand_left"": 612, ""observation.images.hand_right"": 612, ""observation.images.top_head"": 612}",{},,,pass
task_5867,/root/autodl-tmp/data/sft_data/task_5867,50,data/chunk-000/episode_000050.parquet,461,461,25894,26354,0.13933318853378296,43,12,0.05765485763549805,269,13,0.06297695636749268,282,13,56.095744,115,2,0.0,0.2173333317041397,0.2173333317041397,120.0,0.0,0.0,0.0,1.0,"{""observation.images.hand_left"": 461, ""observation.images.hand_right"": 461, ""observation.images.top_head"": 461}",{},,,pass
task_5867,/root/autodl-tmp/data/sft_data/task_5867,51,data/chunk-000/episode_000051.parquet,521,521,26355,26875,0.1402111053466797,49,12,0.05071622133255005,399,12,0.04523050785064697,284,13,41.517056,22,0,0.0,0.2173333317041397,0.0,120.0,0.0,0.0,0.0,1.0,"{""observation.images.hand_left"": 521, ""observation.images.hand_right"": 521, ""observation.images.top_head"": 521}",{},,,pass
task_5867,/root/autodl-tmp/data/sft_data/task_5867,52,data/chunk-000/episode_000052.parquet,432,432,26876,27307,0.13105762004852295,32,12,0.05820268392562866,385,12,0.03929734230041504,265,13,47.45344,424,0,0.0,0.2173333317041397,0.2173333317041397,120.0,0.0,0.0,0.0,1.0,"{""observation.images.hand_left"": 432, ""observation.images.hand_right"": 432, ""observation.images.top_head"": 432}",{},,,pass
task_5867,/root/autodl-tmp/data/sft_data/task_5867,53,data/chunk-000/episode_000053.parquet,522,522,27308,27829,0.13714098930358887,430,12,0.0679018497467041,442,12,0.04477667808532715,313,13,54.467072,332,5,0.0,0.2173333317041397,0.2173333317041397,120.0,0.0,0.0,0.0,1.0,"{""observation.images.hand_left"": 522, ""observation.images.hand_right"": 522, ""observation.images.top_head"": 522}",{},,,pass
task_5867,/root/autodl-tmp/data/sft_data/task_5867,54,data/chunk-000/episode_000054.parquet,461,461,27830,28290,0.15490764379501343,47,12,0.049491167068481445,400,12,0.05013382434844971,265,13,40.47744,118,0,0.0,0.2173333317041397,0.2173333317041397,120.0,0.0,0.0,0.0,1.0,"{""observation.images.hand_left"": 461, ""observation.images.hand_right"": 461, ""observation.images.top_head"": 461}",{},,,pass
task_5867,/root/autodl-tmp/data/sft_data/task_5867,55,data/chunk-000/episode_000055.parquet,491,491,28291,28781,0.1341094970703125,53,12,0.054904818534851074,416,12,0.05711376667022705,284,13,45.423616,473,0,0.0,0.2173333317041397,0.2173333317041397,120.0,0.0,0.0,0.0,1.0,"{""observation.images.hand_left"": 491, ""observation.images.hand_right"": 491, ""observation.images.top_head"": 491}",{},,,pass
task_5867,/root/autodl-tmp/data/sft_data/task_5867,56,data/chunk-000/episode_000056.parquet,462,462,28782,29243,0.16458457708358765,44,12,0.055425286293029785,395,12,0.04830145835876465,259,13,50.62016,76,1,0.0,0.2173333317041397,0.0,120.0,0.0,0.0,0.0,1.0,"{""observation.images.hand_left"": 462, ""observation.images.hand_right"": 462, ""observation.images.top_head"": 462}",{},,,pass
task_5867,/root/autodl-tmp/data/sft_data/task_5867,57,data/chunk-000/episode_000057.parquet,462,462,29244,29705,0.13671481609344482,48,12,0.05793660879135132,399,12,0.04421830177307129,269,13,40.0512,74,0,0.0,0.2173333317041397,0.2173333317041397,120.0,0.0,0.0,0.0,1.0,"{""observation.images.hand_left"": 462, ""observation.images.hand_right"": 462, ""observation.images.top_head"": 462}",{},,,pass
task_5867,/root/autodl-tmp/data/sft_data/task_5867,58,data/chunk-000/episode_000058.parquet,461,461,29706,30166,0.13667970895767212,51,12,0.04936420917510986,281,13,0.04503834247589111,282,13,48.476416,12,0,0.0,0.2173333317041397,0.0,120.0,0.0,0.0,0.0,1.0,"{""observation.images.hand_left"": 461, ""observation.images.hand_right"": 461, ""observation.images.top_head"": 461}",{},,,pass
task_5867,/root/autodl-tmp/data/sft_data/task_5867,59,data/chunk-000/episode_000059.parquet,492,492,30167,30658,0.13021421432495117,57,12,0.05912750959396362,286,13,0.05505478382110596,287,13,47.194368,194,0,0.0,0.2173333317041397,0.2173333317041397,120.0,0.0,0.0,0.0,1.0,"{""observation.images.hand_left"": 492, ""observation.images.hand_right"": 492, ""observation.images.top_head"": 492}",{},,,pass
task_5867,/root/autodl-tmp/data/sft_data/task_5867,60,data/chunk-000/episode_000060.parquet,492,492,30659,31150,0.138127863407135,54,12,0.05228376388549805,302,13,0.05053508281707764,300,13,41.121024,474,0,0.0,0.2173333317041397,0.2173333317041397,120.0,0.0,0.0,0.0,1.0,"{""observation.images.hand_left"": 492, ""observation.images.hand_right"": 492, ""observation.images.top_head"": 492}",{},,,pass
task_5867,/root/autodl-tmp/data/sft_data/task_5867,61,data/chunk-000/episode_000061.parquet,492,492,31151,31642,0.13734906911849976,424,12,0.057457566261291504,436,12,0.049366116523742676,315,13,48.31488,149,0,0.0,0.2173333317041397,0.2173333317041397,120.0,0.0,0.0,0.0,1.0,"{""observation.images.hand_left"": 492, ""observation.images.hand_right"": 492, ""observation.images.top_head"": 492}",{},,,pass
task_5867,/root/autodl-tmp/data/sft_data/task_5867,62,data/chunk-000/episode_000062.parquet,521,521,31643,32163,0.1364138126373291,55,12,0.05864834785461426,329,13,0.053170204162597656,334,13,52.713472,73,3,0.0,0.2173333317041397,0.2173333317041397,120.0,0.0,0.0,0.0,1.0,"{""observation.images.hand_left"": 521, ""observation.images.hand_right"": 521, ""observation.images.top_head"": 521}",{},,,pass
task_5867,/root/autodl-tmp/data/sft_data/task_5867,63,data/chunk-000/episode_000063.parquet,462,462,32164,32625,0.15242040157318115,60,12,0.05293196439743042,393,12,0.05027329921722412,283,13,45.805312,134,0,0.0,0.2173333317041397,0.2173333317041397,120.0,0.0,0.0,0.0,1.0,"{""observation.images.hand_left"": 462, ""observation.images.hand_right"": 462, ""observation.images.top_head"": 462}",{},,,pass
task_5867,/root/autodl-tmp/data/sft_data/task_5867,64,data/chunk-000/episode_000064.parquet,493,493,32626,33118,0.12278604507446289,403,12,0.056824684143066406,281,13,0.06721746921539307,285,13,52.250112,482,2,0.0,0.2173333317041397,0.2173333317041397,120.0,0.0,0.0,0.0,1.0,"{""observation.images.hand_left"": 493, ""observation.images.hand_right"": 493, ""observation.images.top_head"": 493}",{},,,pass
task_5867,/root/autodl-tmp/data/sft_data/task_5867,65,data/chunk-000/episode_000065.parquet,463,463,33119,33581,0.12555158138275146,377,12,0.05565464496612549,389,12,0.057131290435791016,271,13,46.052096,396,0,0.0,0.2173333317041397,0.0,120.0,0.0,0.0,0.0,1.0,"{""observation.images.hand_left"": 463, ""observation.images.hand_right"": 463, ""observation.images.top_head"": 463}",{},,,pass
task_5867,/root/autodl-tmp/data/sft_data/task_5867,66,data/chunk-000/episode_000066.parquet,463,463,33582,34044,0.14201748371124268,381,12,0.05836200714111328,375,12,0.059172987937927246,265,13,56.978432,152,3,0.0,0.2173333317041397,0.2173333317041397,120.0,0.0,0.0,0.0,1.0,"{""observation.images.hand_left"": 463, ""observation.images.hand_right"": 463, ""observation.images.top_head"": 463}",{},,,pass
task_5867,/root/autodl-tmp/data/sft_data/task_5867,67,data/chunk-000/episode_000067.parquet,493,493,34045,34537,0.1513131856918335,68,12,0.06041860580444336,284,13,0.055962204933166504,284,13,37.263104,53,0,0.0,0.2173333317041397,0.2173333317041397,120.0,0.0,0.0,0.0,1.0,"{""observation.images.hand_left"": 493, ""observation.images.hand_right"": 493, ""observation.images.top_head"": 493}",{},,,pass
task_5867,/root/autodl-tmp/data/sft_data/task_5867,68,data/chunk-000/episode_000068.parquet,462,462,34538,34999,0.14004522562026978,364,12,0.062324345111846924,363,12,0.06377971172332764,268,13,40.261888,274,0,0.0,0.2173333317041397,0.2173333317041397,120.0,0.0,0.0,0.0,1.0,"{""observation.images.hand_left"": 462, ""observation.images.hand_right"": 462, ""observation.images.top_head"": 462}",{},,,pass
task_5867,/root/autodl-tmp/data/sft_data/task_5867,69,data/chunk-000/episode_000069.parquet,463,463,35000,35462,0.13487613201141357,48,12,0.057717323303222656,262,13,0.05974888801574707,270,13,56.015616,237,2,0.0,0.2173333317041397,0.0,120.0,0.0,0.0,0.0,1.0,"{""observation.images.hand_left"": 463, ""observation.images.hand_right"": 463, ""observation.images.top_head"": 463}",{},,,pass
task_5867,/root/autodl-tmp/data/sft_data/task_5867,70,data/chunk-000/episode_000070.parquet,433,433,35463,35895,0.1700764298439026,361,12,0.07161331176757812,374,12,0.05898094177246094,255,13,54.826496,13,1,0.0,0.2173333317041397,0.2173333317041397,120.0,0.0,0.0,0.0,1.0,"{""observation.images.hand_left"": 433, ""observation.images.hand_right"": 433, ""observation.images.top_head"": 433}",{},,,pass
task_5867,/root/autodl-tmp/data/sft_data/task_5867,71,data/chunk-000/episode_000071.parquet,433,433,35896,36328,0.14026105403900146,39,12,0.05308270454406738,246,13,0.056921958923339844,248,13,42.05056,314,0,0.0,0.2173333317041397,0.0,120.0,0.0,0.0,0.0,1.0,"{""observation.images.hand_left"": 433, ""observation.images.hand_right"": 433, ""observation.images.top_head"": 433}",{},,,pass
task_5867,/root/autodl-tmp/data/sft_data/task_5867,72,data/chunk-000/episode_000072.parquet,463,463,36329,36791,0.1545161008834839,398,12,0.07204711437225342,408,12,0.06959056854248047,284,13,52.413184,123,2,0.0,0.2173333317041397,0.2173333317041397,120.0,0.0,0.0,0.0,1.0,"{""observation.images.hand_left"": 463, ""observation.images.hand_right"": 463, ""observation.images.top_head"": 463}",{},,,pass
task_5867,/root/autodl-tmp/data/sft_data/task_5867,73,data/chunk-000/episode_000073.parquet,464,464,36792,37255,0.16667306423187256,387,12,0.07014083862304688,398,12,0.06796765327453613,285,13,43.53152,170,0,0.0,0.2173333317041397,0.0,120.0,0.0,0.0,0.0,1.0,"{""observation.images.hand_left"": 464, ""observation.images.hand_right"": 464, ""observation.images.top_head"": 464}",{},,,pass
task_5867,/root/autodl-tmp/data/sft_data/task_5867,74,data/chunk-000/episode_000074.parquet,464,464,37256,37719,0.1436583399772644,404,12,0.0696943998336792,417,12,0.06086564064025879,291,13,41.565952,314,0,0.0,0.2173333317041397,0.2173333317041397,120.0,0.0,0.0,0.0,1.0,"{""observation.images.hand_left"": 464, ""observation.images.hand_right"": 464, ""observation.images.top_head"": 464}",{},,,pass
task_5867,/root/autodl-tmp/data/sft_data/task_5867,75,data/chunk-000/episode_000075.parquet,464,464,37720,38183,0.1564435362815857,41,12,0.06211221218109131,275,13,0.07178926467895508,275,13,52.520704,442,1,0.0,0.2173333317041397,0.2173333317041397,120.0,0.0,0.0,0.0,1.0,"{""observation.images.hand_left"": 464, ""observation.images.hand_right"": 464, ""observation.images.top_head"": 464}",{},,,pass
task_5867,/root/autodl-tmp/data/sft_data/task_5867,76,data/chunk-000/episode_000076.parquet,463,463,38184,38646,0.16660833358764648,374,12,0.06816256046295166,262,13,0.06960821151733398,264,13,37.211136,425,0,0.0,0.2173333317041397,0.2173333317041397,120.0,0.0,0.0,0.0,1.0,"{""observation.images.hand_left"": 463, ""observation.images.hand_right"": 463, ""observation.images.top_head"": 463}",{},,,pass
task_5867,/root/autodl-tmp/data/sft_data/task_5867,77,data/chunk-000/episode_000077.parquet,493,493,38647,39139,0.15035724639892578,396,12,0.06423723697662354,293,13,0.05761992931365967,295,13,42.403328,26,0,0.0,0.2173333317041397,0.2173333317041397,120.0,0.0,0.0,0.0,1.0,"{""observation.images.hand_left"": 493, ""observation.images.hand_right"": 493, ""observation.images.top_head"": 493}",{},,,pass
task_5867,/root/autodl-tmp/data/sft_data/task_5867,78,data/chunk-000/episode_000078.parquet,493,493,39140,39632,0.1390743851661682,59,12,0.06510531902313232,288,13,0.06714773178100586,290,13,46.163456,43,0,0.0,0.2173333317041397,0.2173333317041397,120.0,0.0,0.0,0.0,1.0,"{""observation.images.hand_left"": 493, ""observation.images.hand_right"": 493, ""observation.images.top_head"": 493}",{},,,pass
task_5867,/root/autodl-tmp/data/sft_data/task_5867,79,data/chunk-000/episode_000079.parquet,464,464,39633,40096,0.14651256799697876,32,12,0.07298898696899414,376,12,0.058405160903930664,265,13,47.75168,43,0,0.0,0.2173333317041397,0.0,120.0,0.0,0.0,0.0,1.0,"{""observation.images.hand_left"": 464, ""observation.images.hand_right"": 464, ""observation.images.top_head"": 464}",{},,,pass
task_5867,/root/autodl-tmp/data/sft_data/task_5867,80,data/chunk-000/episode_000080.parquet,525,525,40097,40621,0.1436605453491211,436,12,0.06600713729858398,449,12,0.058492302894592285,312,13,36.958976,415,0,0.0,0.2173333317041397,0.0,120.0,0.0,0.0,0.0,1.0,"{""observation.images.hand_left"": 525, ""observation.images.hand_right"": 525, ""observation.images.top_head"": 525}",{},,,pass
task_5867,/root/autodl-tmp/data/sft_data/task_5867,81,data/chunk-000/episode_000081.parquet,435,435,40622,41056,0.1798993945121765,361,12,0.06729602813720703,375,11,0.05475807189941406,256,13,46.841856,404,0,0.0,0.2173333317041397,0.2173333317041397,120.0,0.0,0.0,0.0,1.0,"{""observation.images.hand_left"": 435, ""observation.images.hand_right"": 435, ""observation.images.top_head"": 435}",{},,,pass
task_5867,/root/autodl-tmp/data/sft_data/task_5867,82,data/chunk-000/episode_000082.parquet,494,494,41057,41550,0.14086014032363892,427,12,0.0712314248085022,438,12,0.05714881420135498,308,13,46.713088,53,0,0.0,0.2173333317041397,0.2173333317041397,120.0,0.0,0.0,0.0,1.0,"{""observation.images.hand_left"": 494, ""observation.images.hand_right"": 494, ""observation.images.top_head"": 494}",{},,,pass
task_5867,/root/autodl-tmp/data/sft_data/task_5867,83,data/chunk-000/episode_000083.parquet,496,496,41551,42046,0.1651121973991394,406,12,0.06968456506729126,414,12,0.06222677230834961,291,13,40.931328,462,0,0.0,0.2173333317041397,0.2173333317041397,120.0,0.0,0.0,0.0,1.0,"{""observation.images.hand_left"": 496, ""observation.images.hand_right"": 496, ""observation.images.top_head"": 496}",{},,,pass
task_5867,/root/autodl-tmp/data/sft_data/task_5867,84,data/chunk-000/episode_000084.parquet,436,436,42047,42482,0.16842591762542725,358,12,0.07536840438842773,353,12,0.06292462348937988,259,13,49.711104,194,0,0.0,0.2173333317041397,0.2173333317041397,120.0,0.0,0.0,0.0,1.0,"{""observation.images.hand_left"": 436, ""observation.images.hand_right"": 436, ""observation.images.top_head"": 436}",{},,,pass
task_5867,/root/autodl-tmp/data/sft_data/task_5867,85,data/chunk-000/episode_000085.parquet,496,496,42483,42978,0.16785067319869995,434,12,0.08594173192977905,313,13,0.066170334815979,319,13,51.074816,313,2,0.0,0.2173333317041397,0.2173333317041397,120.0,0.0,0.0,0.0,1.0,"{""observation.images.hand_left"": 496, ""observation.images.hand_right"": 496, ""observation.images.top_head"": 496}",{},,,pass
task_5867,/root/autodl-tmp/data/sft_data/task_5867,86,data/chunk-000/episode_000086.parquet,495,495,42979,43473,0.1974850296974182,423,12,0.08167070150375366,434,12,0.06140655279159546,420,12,38.005248,234,0,0.0,0.2173333317041397,0.2173333317041397,120.0,0.0,0.0,0.0,1.0,"{""observation.images.hand_left"": 495, ""observation.images.hand_right"": 495, ""observation.images.top_head"": 495}",{},,,pass
task_5867,/root/autodl-tmp/data/sft_data/task_5867,87,data/chunk-000/episode_000087.parquet,525,525,43474,43998,0.13722670078277588,422,12,0.06863903999328613,435,12,0.054007649421691895,311,13,48.128512,173,0,0.0,0.2173333317041397,0.2173333317041397,120.0,0.0,0.0,0.0,1.0,"{""observation.images.hand_left"": 525, ""observation.images.hand_right"": 525, ""observation.images.top_head"": 525}",{},,,pass
task_5867,/root/autodl-tmp/data/sft_data/task_5867,88,data/chunk-000/episode_000088.parquet,437,437,43999,44435,0.18857556581497192,353,12,0.09439104795455933,365,12,0.07177186012268066,246,13,51.23072,56,1,0.0,0.2173333317041397,0.2173333317041397,120.0,0.0,0.0,0.0,1.0,"{""observation.images.hand_left"": 437, ""observation.images.hand_right"": 437, ""observation.images.top_head"": 437}",{},,,pass
task_5867,/root/autodl-tmp/data/sft_data/task_5867,89,data/chunk-000/episode_000089.parquet,494,494,44436,44929,0.14477121829986572,252,11,0.05996716022491455,306,13,0.06651937961578369,301,13,51.014656,114,1,0.0,0.2173333317041397,0.2173333317041397,120.0,0.0,0.0,0.0,1.0,"{""observation.images.hand_left"": 494, ""observation.images.hand_right"": 494, ""observation.images.top_head"": 494}",{},,,pass
task_5867,/root/autodl-tmp/data/sft_data/task_5867,90,data/chunk-000/episode_000090.parquet,465,465,44930,45394,0.14751899242401123,54,12,0.06532347202301025,294,13,0.06508839130401611,291,13,48.286976,63,0,0.0,0.2173333317041397,0.2173333317041397,120.0,0.0,0.0,0.0,1.0,"{""observation.images.hand_left"": 465, ""observation.images.hand_right"": 465, ""observation.images.top_head"": 465}",{},,,pass
task_5867,/root/autodl-tmp/data/sft_data/task_5867,91,data/chunk-000/episode_000091.parquet,465,465,45395,45859,0.14087074995040894,35,12,0.05918169021606445,376,12,0.05946946144104004,256,13,47.139584,195,0,0.0,0.2173333317041397,0.2173333317041397,120.0,0.0,0.0,0.0,1.0,"{""observation.images.hand_left"": 465, ""observation.images.hand_right"": 465, ""observation.images.top_head"": 465}",{},,,pass
task_5867,/root/autodl-tmp/data/sft_data/task_5867,92,data/chunk-000/episode_000092.parquet,525,525,45860,46384,0.13999700546264648,432,12,0.05566418170928955,444,12,0.05107617378234863,303,13,45.607936,503,0,0.0,0.2173333317041397,0.2173333317041397,120.0,0.0,0.0,0.0,1.0,"{""observation.images.hand_left"": 525, ""observation.images.hand_right"": 525, ""observation.images.top_head"": 525}",{},,,pass
task_5867,/root/autodl-tmp/data/sft_data/task_5867,93,data/chunk-000/episode_000093.parquet,466,466,46385,46850,0.15065908432006836,400,12,0.06635308265686035,411,12,0.06271541118621826,290,13,51.348992,199,2,0.0,0.2173333317041397,0.0,120.0,0.0,0.0,0.0,1.0,"{""observation.images.hand_left"": 466, ""observation.images.hand_right"": 466, ""observation.images.top_head"": 466}",{},,,pass
task_5867,/root/autodl-tmp/data/sft_data/task_5867,94,data/chunk-000/episode_000094.parquet,466,466,46851,47316,0.19137370586395264,379,12,0.07399719953536987,378,12,0.0569918155670166,261,13,37.665792,98,0,0.0,0.2173333317041397,0.2173333317041397,120.0,0.0,0.0,0.0,1.0,"{""observation.images.hand_left"": 466, ""observation.images.hand_right"": 466, ""observation.images.top_head"": 466}",{},,,pass
task_5867,/root/autodl-tmp/data/sft_data/task_5867,95,data/chunk-000/episode_000095.parquet,466,466,47317,47782,0.14975965023040771,368,12,0.06934666633605957,379,12,0.07356917858123779,266,13,50.598912,427,1,0.0,0.2173333317041397,0.2173333317041397,120.0,0.0,0.0,0.0,1.0,"{""observation.images.hand_left"": 466, ""observation.images.hand_right"": 466, ""observation.images.top_head"": 466}",{},,,pass
task_5867,/root/autodl-tmp/data/sft_data/task_5867,96,data/chunk-000/episode_000096.parquet,465,465,47783,48247,0.15762436389923096,383,12,0.06471717357635498,273,13,0.06868326663970947,274,13,47.322112,203,0,0.0,0.2173333317041397,0.2173333317041397,120.0,0.0,0.0,0.0,1.0,"{""observation.images.hand_left"": 465, ""observation.images.hand_right"": 465, ""observation.images.top_head"": 465}",{},,,pass
task_5867,/root/autodl-tmp/data/sft_data/task_5867,97,data/chunk-000/episode_000097.parquet,466,466,48248,48713,0.14091283082962036,52,12,0.056242406368255615,410,12,0.05611920356750488,280,13,37.184256,303,0,0.0,0.2173333317041397,0.2173333317041397,120.0,0.0,0.0,0.0,1.0,"{""observation.images.hand_left"": 466, ""observation.images.hand_right"": 466, ""observation.images.top_head"": 466}",{},,,pass
task_5867,/root/autodl-tmp/data/sft_data/task_5867,98,data/chunk-000/episode_000098.parquet,436,436,48714,49149,0.18415069580078125,372,12,0.08927327394485474,382,12,0.06365764141082764,262,13,45.47712,34,0,0.0,0.2173333317041397,0.0,120.0,0.0,0.0,0.0,1.0,"{""observation.images.hand_left"": 436, ""observation.images.hand_right"": 436, ""observation.images.top_head"": 436}",{},,,pass
task_5867,/root/autodl-tmp/data/sft_data/task_5867,99,data/chunk-000/episode_000099.parquet,556,556,49150,49705,0.14751547574996948,479,12,0.06515216827392578,492,12,0.06655430793762207,323,13,45.25184,505,0,0.0,0.2173333317041397,0.2173333317041397,120.0,0.0,0.0,0.0,1.0,"{""observation.images.hand_left"": 556, ""observation.images.hand_right"": 556, ""observation.images.top_head"": 556}",{},,,pass
task_5867,/root/autodl-tmp/data/sft_data/task_5867,100,data/chunk-000/episode_000100.parquet,512,512,49706,50217,0.15299981832504272,427,12,0.07320493459701538,438,12,0.04852855205535889,313,13,59.23968,503,2,0.0,0.2173333317041397,0.2173333317041397,120.0,0.0,0.0,0.0,1.0,"{""observation.images.hand_left"": 512, ""observation.images.hand_right"": 512, ""observation.images.top_head"": 512}",{},,,pass
task_5867,/root/autodl-tmp/data/sft_data/task_5867,101,data/chunk-000/episode_000101.parquet,536,536,50218,50753,0.18419915437698364,463,12,0.07273077964782715,477,12,0.05344933271408081,464,12,59.562496,315,1,0.0,0.2173333317041397,0.0,120.0,0.0,0.0,0.0,1.0,"{""observation.images.hand_left"": 536, ""observation.images.hand_right"": 536, ""observation.images.top_head"": 536}",{},,,pass
task_5867,/root/autodl-tmp/data/sft_data/task_5867,102,data/chunk-000/episode_000102.parquet,565,565,50754,51318,0.14932525157928467,237,11,0.060862183570861816,291,13,0.058824002742767334,295,13,45.728256,160,0,0.0,0.2173333317041397,0.0,120.0,0.0,0.0,0.0,1.0,"{""observation.images.hand_left"": 565, ""observation.images.hand_right"": 565, ""observation.images.top_head"": 565}",{},,,pass
task_5867,/root/autodl-tmp/data/sft_data/task_5867,103,data/chunk-000/episode_000103.parquet,473,473,51319,51791,0.1457875370979309,34,12,0.06031346321105957,400,12,0.06163346767425537,253,13,50.583552,423,1,0.0,0.2173333317041397,0.2173333317041397,120.0,0.0,0.0,0.0,1.0,"{""observation.images.hand_left"": 473, ""observation.images.hand_right"": 473, ""observation.images.top_head"": 473}",{},,,pass
task_5867,/root/autodl-tmp/data/sft_data/task_5867,104,data/chunk-000/episode_000104.parquet,474,474,51792,52265,0.15057361125946045,201,11,0.061954498291015625,432,12,0.054443955421447754,255,13,45.572608,255,0,0.0,0.2173333317041397,0.2173333317041397,120.0,0.0,0.0,0.0,1.0,"{""observation.images.hand_left"": 474, ""observation.images.hand_right"": 474, ""observation.images.top_head"": 474}",{},,,pass
task_5867,/root/autodl-tmp/data/sft_data/task_5867,105,data/chunk-000/episode_000105.parquet,466,466,52266,52731,0.15173006057739258,386,12,0.05485779047012329,383,12,0.050639986991882324,192,13,39.504384,454,0,0.0,0.2173333317041397,0.2173333317041397,120.0,0.0,0.0,0.0,1.0,"{""observation.images.hand_left"": 466, ""observation.images.hand_right"": 466, ""observation.images.top_head"": 466}",{},,,pass
task_5867,/root/autodl-tmp/data/sft_data/task_5867,106,data/chunk-000/episode_000106.parquet,495,495,52732,53226,0.15005755424499512,29,12,0.05615013837814331,236,13,0.05590975284576416,237,13,44.988928,112,0,0.0,0.2173333317041397,0.0,120.0,0.0,0.0,0.0,1.0,"{""observation.images.hand_left"": 495, ""observation.images.hand_right"": 495, ""observation.images.top_head"": 495}",{},,,pass
task_5867,/root/autodl-tmp/data/sft_data/task_5867,107,data/chunk-000/episode_000107.parquet,494,494,53227,53720,0.13222157955169678,385,12,0.05586111545562744,242,13,0.06152874231338501,244,13,47.109888,23,0,0.0,0.2173333317041397,0.2173333317041397,120.0,0.0,0.0,0.0,1.0,"{""observation.images.hand_left"": 494, ""observation.images.hand_right"": 494, ""observation.images.top_head"": 494}",{},,,pass
task_5867,/root/autodl-tmp/data/sft_data/task_5867,108,data/chunk-000/episode_000108.parquet,523,523,53721,54243,0.17070651054382324,423,12,0.08237290382385254,433,12,0.04713249206542969,241,13,41.136896,462,0,0.0,0.2173333317041397,0.2173333317041397,120.0,0.0,0.0,0.0,1.0,"{""observation.images.hand_left"": 523, ""observation.images.hand_right"": 523, ""observation.images.top_head"": 523}",{},,,pass
task_5867,/root/autodl-tmp/data/sft_data/task_5867,109,data/chunk-000/episode_000109.parquet,494,494,54244,54737,0.14060169458389282,56,12,0.06443488597869873,385,12,0.05875420570373535,249,13,41.53216,432,0,0.0,0.2173333317041397,0.0,120.0,0.0,0.0,0.0,1.0,"{""observation.images.hand_left"": 494, ""observation.images.hand_right"": 494, ""observation.images.top_head"": 494}",{},,,pass
task_5867,/root/autodl-tmp/data/sft_data/task_5867,110,data/chunk-000/episode_000110.parquet,463,463,54738,55200,0.13812506198883057,45,12,0.05695450305938721,380,12,0.05105865001678467,228,13,51.630848,455,1,0.0,0.2173333317041397,0.2173333317041397,120.0,0.0,0.0,0.0,1.0,"{""observation.images.hand_left"": 463, ""observation.images.hand_right"": 463, ""observation.images.top_head"": 463}",{},,,pass
task_5867,/root/autodl-tmp/data/sft_data/task_5867,111,data/chunk-000/episode_000111.parquet,493,493,55201,55693,0.152887225151062,405,12,0.059050023555755615,403,12,0.051809072494506836,257,13,45.250304,426,0,0.0,0.2173333317041397,0.2173333317041397,120.0,0.0,0.0,0.0,1.0,"{""observation.images.hand_left"": 493, ""observation.images.hand_right"": 493, ""observation.images.top_head"": 493}",{},,,pass
task_5867,/root/autodl-tmp/data/sft_data/task_5867,112,data/chunk-000/episode_000112.parquet,490,490,55694,56183,0.1471969485282898,400,12,0.061285555362701416,394,12,0.061615943908691406,246,13,46.37952,472,0,0.0,0.2173333317041397,0.0,120.0,0.0,0.0,0.0,1.0,"{""observation.images.hand_left"": 490, ""observation.images.hand_right"": 490, ""observation.images.top_head"": 490}",{},,,pass
task_5867,/root/autodl-tmp/data/sft_data/task_5867,113,data/chunk-000/episode_000113.parquet,485,485,56184,56668,0.14847177267074585,68,12,0.05624586343765259,397,12,0.052210450172424316,212,13,46.425088,15,0,0.0,0.2173333317041397,0.2173333317041397,120.0,0.0,0.0,0.0,1.0,"{""observation.images.hand_left"": 485, ""observation.images.hand_right"": 485, ""observation.images.top_head"": 485}",{},,,pass
task_5867,/root/autodl-tmp/data/sft_data/task_5867,114,data/chunk-000/episode_000114.parquet,482,482,56669,57150,0.14047425985336304,51,12,0.06711995601654053,272,13,0.06622272729873657,273,13,43.02464,253,0,0.0,0.2173333317041397,0.2173333317041397,120.0,0.0,0.0,0.0,1.0,"{""observation.images.hand_left"": 482, ""observation.images.hand_right"": 482, ""observation.images.top_head"": 482}",{},,,pass
task_5867,/root/autodl-tmp/data/sft_data/task_5867,115,data/chunk-000/episode_000115.parquet,453,453,57151,57603,0.1804754137992859,384,12,0.07362771034240723,396,12,0.05721855163574219,248,13,44.493056,174,0,0.0,0.2173333317041397,0.2173333317041397,120.0,0.0,0.0,0.0,1.0,"{""observation.images.hand_left"": 453, ""observation.images.hand_right"": 453, ""observation.images.top_head"": 453}",{},,,pass
task_5867,/root/autodl-tmp/data/sft_data/task_5867,116,data/chunk-000/episode_000116.parquet,421,421,57604,58024,0.15747326612472534,21,12,0.06478238105773926,359,12,0.05847489833831787,210,13,44.761088,178,0,0.0,0.2173333317041397,0.2173333317041397,120.0,0.0,0.0,0.0,1.0,"{""observation.images.hand_left"": 421, ""observation.images.hand_right"": 421, ""observation.images.top_head"": 421}",{},,,pass
task_5867,/root/autodl-tmp/data/sft_data/task_5867,117,data/chunk-000/episode_000117.parquet,512,512,58025,58536,0.14070379734039307,59,12,0.06085002422332764,427,12,0.05353665351867676,266,13,46.718976,480,0,0.0,0.2173333317041397,0.2173333317041397,120.0,0.0,0.0,0.0,1.0,"{""observation.images.hand_left"": 512, ""observation.images.hand_right"": 512, ""observation.images.top_head"": 512}",{},,,pass
task_5867,/root/autodl-tmp/data/sft_data/task_5867,118,data/chunk-000/episode_000118.parquet,422,422,58537,58958,0.15408408641815186,32,12,0.06392872333526611,235,13,0.060813188552856445,237,13,41.664512,164,0,0.0,0.2173333317041397,0.0,120.0,0.0,0.0,0.0,1.0,"{""observation.images.hand_left"": 422, ""observation.images.hand_right"": 422, ""observation.images.top_head"": 422}",{},,,pass
task_5867,/root/autodl-tmp/data/sft_data/task_5867,119,data/chunk-000/episode_000119.parquet,493,493,58959,59451,0.14200735092163086,401,12,0.05790436267852783,415,12,0.05355405807495117,287,13,50.166016,215,1,0.0,0.2173333317041397,0.2173333317041397,120.0,0.0,0.0,0.0,1.0,"{""observation.images.hand_left"": 493, ""observation.images.hand_right"": 493, ""observation.images.top_head"": 493}",{},,,pass
task_5867,/root/autodl-tmp/data/sft_data/task_5867,120,data/chunk-000/episode_000120.parquet,529,529,59452,59980,0.13876229524612427,462,12,0.058161139488220215,473,12,0.05135536193847656,320,13,47.510784,512,0,0.0,0.2173333317041397,0.2173333317041397,120.0,0.0,0.0,0.0,1.0,"{""observation.images.hand_left"": 529, ""observation.images.hand_right"": 529, ""observation.images.top_head"": 529}",{},,,pass
task_5867,/root/autodl-tmp/data/sft_data/task_5867,121,data/chunk-000/episode_000121.parquet,509,509,59981,60489,0.15471798181533813,439,12,0.061417996883392334,454,12,0.051041364669799805,296,13,41.879808,435,0,0.0,0.2173333317041397,0.2173333317041397,120.0,0.0,0.0,0.0,1.0,"{""observation.images.hand_left"": 509, ""observation.images.hand_right"": 509, ""observation.images.top_head"": 509}",{},,,pass
task_5867,/root/autodl-tmp/data/sft_data/task_5867,122,data/chunk-000/episode_000122.parquet,532,532,60490,61021,0.155900776386261,436,12,0.064400315284729,449,12,0.05142509937286377,319,13,46.680576,213,0,0.0,0.2173333317041397,0.2173333317041397,120.0,0.0,0.0,0.0,1.0,"{""observation.images.hand_left"": 532, ""observation.images.hand_right"": 532, ""observation.images.top_head"": 532}",{},,,pass
task_5867,/root/autodl-tmp/data/sft_data/task_5867,123,data/chunk-000/episode_000123.parquet,565,565,61022,61586,0.13442778587341309,37,12,0.05761218070983887,322,13,0.057445406913757324,322,13,47.647744,111,0,0.0,0.2173333317041397,0.0,120.0,0.0,0.0,0.0,1.0,"{""observation.images.hand_left"": 565, ""observation.images.hand_right"": 565, ""observation.images.top_head"": 565}",{},,,pass
task_5867,/root/autodl-tmp/data/sft_data/task_5867,124,data/chunk-000/episode_000124.parquet,496,496,61587,62082,0.13284802436828613,420,12,0.058044254779815674,431,12,0.053972721099853516,296,13,43.56736,413,0,0.0,0.2173333317041397,0.2173333317041397,120.0,0.0,0.0,0.0,1.0,"{""observation.images.hand_left"": 496, ""observation.images.hand_right"": 496, ""observation.images.top_head"": 496}",{},,,pass
task_5867,/root/autodl-tmp/data/sft_data/task_5867,125,data/chunk-000/episode_000125.parquet,526,526,62083,62608,0.1428314447402954,44,12,0.055783629417419434,460,12,0.04870295524597168,307,13,50.370048,326,1,0.0,0.2173333317041397,0.2173333317041397,120.0,0.0,0.0,0.0,1.0,"{""observation.images.hand_left"": 526, ""observation.images.hand_right"": 526, ""observation.images.top_head"": 526}",{},,,pass
task_5867,/root/autodl-tmp/data/sft_data/task_5867,126,data/chunk-000/episode_000126.parquet,554,554,62609,63162,0.12764132022857666,255,11,0.053415894508361816,474,12,0.05025601387023926,311,13,43.980032,19,0,0.0,0.2173333317041397,0.2173333317041397,120.0,0.0,0.0,0.0,1.0,"{""observation.images.hand_left"": 554, ""observation.images.hand_right"": 554, ""observation.images.top_head"": 554}",{},,,pass
task_5867,/root/autodl-tmp/data/sft_data/task_5867,127,data/chunk-000/episode_000127.parquet,492,492,63163,63654,0.12861484289169312,412,12,0.06325054168701172,292,13,0.06425082683563232,298,13,46.316288,462,0,0.0,0.2173333317041397,0.2173333317041397,120.0,0.0,0.0,0.0,1.0,"{""observation.images.hand_left"": 492, ""observation.images.hand_right"": 492, ""observation.images.top_head"": 492}",{},,,pass
task_5867,/root/autodl-tmp/data/sft_data/task_5867,128,data/chunk-000/episode_000128.parquet,495,495,63655,64149,0.1349930763244629,57,12,0.06794989109039307,293,13,0.06131923198699951,293,13,48.236032,187,0,0.0,0.2173333317041397,0.2173333317041397,120.0,0.0,0.0,0.0,1.0,"{""observation.images.hand_left"": 495, ""observation.images.hand_right"": 495, ""observation.images.top_head"": 495}",{},,,pass
task_5867,/root/autodl-tmp/data/sft_data/task_5867,129,data/chunk-000/episode_000129.parquet,524,524,64150,64673,0.14294928312301636,68,12,0.052806854248046875,442,12,0.04425311088562012,320,13,43.19872,431,0,0.0,0.2173333317041397,0.2173333317041397,120.0,0.0,0.0,0.0,1.0,"{""observation.images.hand_left"": 524, ""observation.images.hand_right"": 524, ""observation.images.top_head"": 524}",{},,,pass
task_5867,/root/autodl-tmp/data/sft_data/task_5867,130,data/chunk-000/episode_000130.parquet,495,495,64674,65168,0.12794935703277588,59,12,0.056084275245666504,303,13,0.054286956787109375,300,13,51.291392,152,1,0.0,0.2173333317041397,0.2173333317041397,120.0,0.0,0.0,0.0,1.0,"{""observation.images.hand_left"": 495, ""observation.images.hand_right"": 495, ""observation.images.top_head"": 495}",{},,,pass
task_5867,/root/autodl-tmp/data/sft_data/task_5867,131,data/chunk-000/episode_000131.parquet,495,495,65169,65663,0.15432053804397583,403,12,0.07834064960479736,416,12,0.06337845325469971,298,13,46.911232,376,0,0.0,0.2173333317041397,0.2173333317041397,120.0,0.0,0.0,0.0,1.0,"{""observation.images.hand_left"": 495, ""observation.images.hand_right"": 495, ""observation.images.top_head"": 495}",{},,,pass
task_5867,/root/autodl-tmp/data/sft_data/task_5867,132,data/chunk-000/episode_000132.parquet,525,525,65664,66188,0.16176623106002808,421,12,0.060564517974853516,309,13,0.05959165096282959,303,13,43.903488,389,0,0.0,0.2173333317041397,0.2173333317041397,120.0,0.0,0.0,0.0,1.0,"{""observation.images.hand_left"": 525, ""observation.images.hand_right"": 525, ""observation.images.top_head"": 525}",{},,,pass
task_5867,/root/autodl-tmp/data/sft_data/task_5867,133,data/chunk-000/episode_000133.parquet,465,465,66189,66653,0.13945186138153076,384,12,0.0775148868560791,267,13,0.06894481182098389,267,13,56.107264,101,3,0.0,0.2173333317041397,0.0,120.0,0.0,0.0,0.0,1.0,"{""observation.images.hand_left"": 465, ""observation.images.hand_right"": 465, ""observation.images.top_head"": 465}",{},,,pass
task_5867,/root/autodl-tmp/data/sft_data/task_5867,134,data/chunk-000/episode_000134.parquet,524,524,66654,67177,0.1395469307899475,66,12,0.053199052810668945,426,12,0.050360679626464844,302,13,54.896384,13,1,0.0,0.2173333317041397,0.2173333317041397,120.0,0.0,0.0,0.0,1.0,"{""observation.images.hand_left"": 524, ""observation.images.hand_right"": 524, ""observation.images.top_head"": 524}",{},,,pass
task_5867,/root/autodl-tmp/data/sft_data/task_5867,135,data/chunk-000/episode_000135.parquet,495,495,67178,67672,0.1666286587715149,423,12,0.0702703595161438,435,12,0.05533391237258911,422,12,37.66272,283,0,0.0,0.2173333317041397,0.2173333317041397,120.0,0.0,0.0,0.0,1.0,"{""observation.images.hand_left"": 495, ""observation.images.hand_right"": 495, ""observation.images.top_head"": 495}",{},,,pass
task_5867,/root/autodl-tmp/data/sft_data/task_5867,136,data/chunk-000/episode_000136.parquet,435,435,67673,68107,0.14112406969070435,48,12,0.0633019208908081,247,13,0.06318628787994385,253,13,43.757824,313,0,0.0,0.2173333317041397,0.0,120.0,0.0,0.0,0.0,1.0,"{""observation.images.hand_left"": 435, ""observation.images.hand_right"": 435, ""observation.images.top_head"": 435}",{},,,pass
task_5867,/root/autodl-tmp/data/sft_data/task_5867,137,data/chunk-000/episode_000137.parquet,466,466,68108,68573,0.1457531452178955,395,12,0.07406175136566162,406,12,0.05268144607543945,294,13,60.141824,198,6,0.0,0.2173333317041397,0.0,120.0,0.0,0.0,0.0,1.0,"{""observation.images.hand_left"": 466, ""observation.images.hand_right"": 466, ""observation.images.top_head"": 466}",{},,source_timestamp_gap=60.142ms@198,review
task_5867,/root/autodl-tmp/data/sft_data/task_5867,138,data/chunk-000/episode_000138.parquet,495,495,68574,69068,0.1630845069885254,396,12,0.0624619722366333,390,12,0.05379831790924072,284,13,38.653952,293,0,0.0,0.2173333317041397,0.2173333317041397,120.0,0.0,0.0,0.0,1.0,"{""observation.images.hand_left"": 495, ""observation.images.hand_right"": 495, ""observation.images.top_head"": 495}",{},,,pass
task_5867,/root/autodl-tmp/data/sft_data/task_5867,139,data/chunk-000/episode_000139.parquet,526,526,69069,69594,0.12402987480163574,53,12,0.05636495351791382,447,12,0.0555957555770874,320,13,43.676672,383,0,0.0,0.2173333317041397,0.2173333317041397,120.0,0.0,0.0018111111130565405,0.0,1.0,"{""observation.images.hand_left"": 526, ""observation.images.hand_right"": 526, ""observation.images.top_head"": 526}",{},,,pass
task_5867,/root/autodl-tmp/data/sft_data/task_5867,140,data/chunk-000/episode_000140.parquet,466,466,69595,70060,0.12717831134796143,45,12,0.05352127552032471,272,13,0.059888482093811035,275,13,50.563328,296,2,0.0,0.2173333317041397,0.2173333317041397,120.0,0.0,0.0,0.0,1.0,"{""observation.images.hand_left"": 466, ""observation.images.hand_right"": 466, ""observation.images.top_head"": 466}",{},,,pass
task_5867,/root/autodl-tmp/data/sft_data/task_5867,141,data/chunk-000/episode_000141.parquet,466,466,70061,70526,0.13601672649383545,375,12,0.067757248878479,385,12,0.05247211456298828,267,13,39.99232,365,0,0.0,0.2173333317041397,0.2173333317041397,120.0,0.0,0.0,0.0,1.0,"{""observation.images.hand_left"": 466, ""observation.images.hand_right"": 466, ""observation.images.top_head"": 466}",{},,,pass
task_5867,/root/autodl-tmp/data/sft_data/task_5867,142,data/chunk-000/episode_000142.parquet,436,436,70527,70962,0.1413230299949646,40,12,0.062444448471069336,237,13,0.06941604614257812,247,13,46.170112,154,0,0.0,0.2173333317041397,0.0,120.0,0.0,0.0,0.0,1.0,"{""observation.images.hand_left"": 436, ""observation.images.hand_right"": 436, ""observation.images.top_head"": 436}",{},,,pass
task_5867,/root/autodl-tmp/data/sft_data/task_5867,143,data/chunk-000/episode_000143.parquet,435,435,70963,71397,0.16378480195999146,374,12,0.06996166706085205,385,12,0.05962657928466797,269,13,49.088,17,0,0.0,0.2173333317041397,0.0,120.0,0.0,0.0,0.0,1.0,"{""observation.images.hand_left"": 435, ""observation.images.hand_right"": 435, ""observation.images.top_head"": 435}",{},,,pass
task_5867,/root/autodl-tmp/data/sft_data/task_5867,144,data/chunk-000/episode_000144.parquet,465,465,71398,71862,0.14421427249908447,383,12,0.06253767013549805,394,12,0.05751526355743408,271,13,40.368896,313,0,0.0,0.2173333317041397,0.0,120.0,0.0,0.0,0.0,1.0,"{""observation.images.hand_left"": 465, ""observation.images.hand_right"": 465, ""observation.images.top_head"": 465}",{},,,pass
task_5867,/root/autodl-tmp/data/sft_data/task_5867,145,data/chunk-000/episode_000145.parquet,465,465,71863,72327,0.14572519063949585,45,12,0.0598982572555542,387,12,0.05482780933380127,263,13,48.75648,157,0,0.0,0.2173333317041397,0.2173333317041397,120.0,0.0,0.0,0.0,1.0,"{""observation.images.hand_left"": 465, ""observation.images.hand_right"": 465, ""observation.images.top_head"": 465}",{},,,pass
task_5867,/root/autodl-tmp/data/sft_data/task_5867,146,data/chunk-000/episode_000146.parquet,466,466,72328,72793,0.17733359336853027,383,12,0.08031046390533447,394,12,0.052245259284973145,279,13,44.382976,202,0,0.0,0.2173333317041397,0.2173333317041397,120.0,0.0,0.0,0.0,1.0,"{""observation.images.hand_left"": 466, ""observation.images.hand_right"": 466, ""observation.images.top_head"": 466}",{},,,pass
task_5867,/root/autodl-tmp/data/sft_data/task_5867,147,data/chunk-000/episode_000147.parquet,468,468,72794,73261,0.13749456405639648,54,12,0.05722200870513916,290,13,0.057445406913757324,290,13,43.651328,297,0,0.0,0.2173333317041397,0.2173333317041397,120.0,0.0,0.0,0.0,1.0,"{""observation.images.hand_left"": 468, ""observation.images.hand_right"": 468, ""observation.images.top_head"": 468}",{},,,pass
task_5867,/root/autodl-tmp/data/sft_data/task_5867,148,data/chunk-000/episode_000148.parquet,469,469,73262,73730,0.14109373092651367,48,12,0.06517016887664795,388,12,0.057445406913757324,265,13,53.057536,103,1,0.0,0.2173333317041397,0.0,120.0,0.0,0.0,0.0,1.0,"{""observation.images.hand_left"": 469, ""observation.images.hand_right"": 469, ""observation.images.top_head"": 469}",{},,,pass
task_5867,/root/autodl-tmp/data/sft_data/task_5867,149,data/chunk-000/episode_000149.parquet,469,469,73731,74199,0.1435135006904602,54,12,0.05986320972442627,402,12,0.056450843811035156,280,13,37.845248,222,0,0.0,0.2173333317041397,0.2173333317041397,120.0,0.0,0.0,0.0,1.0,"{""observation.images.hand_left"": 469, ""observation.images.hand_right"": 469, ""observation.images.top_head"": 469}",{},,,pass
task_5867,/root/autodl-tmp/data/sft_data/task_5867,150,data/chunk-000/episode_000150.parquet,469,469,74200,74668,0.13191622495651245,42,12,0.062024474143981934,387,12,0.06604838371276855,271,13,46.769152,434,0,0.0,0.2173333317041397,0.2173333317041397,120.0,0.0,0.0,0.0,1.0,"{""observation.images.hand_left"": 469, ""observation.images.hand_right"": 469, ""observation.images.top_head"": 469}",{},,,pass
task_5867,/root/autodl-tmp/data/sft_data/task_5867,151,data/chunk-000/episode_000151.parquet,470,470,74669,75138,0.15057796239852905,34,12,0.056856393814086914,386,12,0.047725796699523926,260,13,49.774848,324,0,0.0,0.2173333317041397,0.2173333317041397,120.0,0.0,0.0,0.0,1.0,"{""observation.images.hand_left"": 470, ""observation.images.hand_right"": 470, ""observation.images.top_head"": 470}",{},,,pass
task_5867,/root/autodl-tmp/data/sft_data/task_5867,152,data/chunk-000/episode_000152.parquet,470,470,75139,75608,0.13792699575424194,49,12,0.062302589416503906,263,13,0.06257569789886475,267,13,37.413376,54,0,0.0,0.2173333317041397,0.0,120.0,0.0,0.0,0.0,1.0,"{""observation.images.hand_left"": 470, ""observation.images.hand_right"": 470, ""observation.images.top_head"": 470}",{},,,pass
task_5867,/root/autodl-tmp/data/sft_data/task_5867,153,data/chunk-000/episode_000153.parquet,470,470,75609,76078,0.13420867919921875,60,12,0.07311844825744629,281,13,0.06747901439666748,282,13,51.002112,34,1,0.0,0.2173333317041397,0.2173333317041397,120.0,0.0,0.0,0.0,1.0,"{""observation.images.hand_left"": 470, ""observation.images.hand_right"": 470, ""observation.images.top_head"": 470}",{},,,pass
task_5867,/root/autodl-tmp/data/sft_data/task_5867,154,data/chunk-000/episode_000154.parquet,440,440,76079,76518,0.15409165620803833,45,12,0.05984532833099365,367,12,0.06203484535217285,241,13,44.900352,383,0,0.0,0.2173333317041397,0.2173333317041397,120.0,0.0,0.0,0.0,1.0,"{""observation.images.hand_left"": 440, ""observation.images.hand_right"": 440, ""observation.images.top_head"": 440}",{},,,pass
task_5867,/root/autodl-tmp/data/sft_data/task_5867,155,data/chunk-000/episode_000155.parquet,537,537,76519,77055,0.11494117975234985,76,12,0.0653918981552124,318,13,0.05953943729400635,315,13,56.006912,334,1,0.0,0.2173333317041397,0.2173333317041397,119.82379913330078,0.0,0.0,0.0,1.0,"{""observation.images.hand_left"": 537, ""observation.images.hand_right"": 537, ""observation.images.top_head"": 537}",{},,,pass
task_5867,/root/autodl-tmp/data/sft_data/task_5867,156,data/chunk-000/episode_000156.parquet,478,478,77056,77533,0.15220969915390015,36,12,0.05889618396759033,385,12,0.04985451698303223,259,13,52.284416,456,4,0.0,0.2173333317041397,0.2173333317041397,120.0,0.0,0.0,0.0,1.0,"{""observation.images.hand_left"": 478, ""observation.images.hand_right"": 478, ""observation.images.top_head"": 478}",{},,,pass
task_5867,/root/autodl-tmp/data/sft_data/task_5867,157,data/chunk-000/episode_000157.parquet,508,508,77534,78041,0.15377146005630493,41,12,0.0642545223236084,378,12,0.04795265197753906,263,13,42.738688,402,0,0.0,0.2173333317041397,0.0,120.0,0.0,0.0,0.0,1.0,"{""observation.images.hand_left"": 508, ""observation.images.hand_right"": 508, ""observation.images.top_head"": 508}",{},,,pass
task_5867,/root/autodl-tmp/data/sft_data/task_5867,158,data/chunk-000/episode_000158.parquet,389,389,78042,78430,0.1566373109817505,33,12,0.06547927856445312,222,13,0.059208035469055176,232,13,45.392384,356,0,0.0,0.2173333317041397,0.2173333317041397,120.0,0.0,0.0,0.0,1.0,"{""observation.images.hand_left"": 389, ""observation.images.hand_right"": 389, ""observation.images.top_head"": 389}",{},,,pass
task_5867,/root/autodl-tmp/data/sft_data/task_5867,159,data/chunk-000/episode_000159.parquet,420,420,78431,78850,0.14630413055419922,31,12,0.07096648216247559,346,12,0.07049798965454102,237,13,49.774592,310,0,0.0,0.2173333317041397,0.0,120.0,0.0,0.0,0.0,1.0,"{""observation.images.hand_left"": 420, ""observation.images.hand_right"": 420, ""observation.images.top_head"": 420}",{},,,pass
task_5867,/root/autodl-tmp/data/sft_data/task_5867,160,data/chunk-000/episode_000160.parquet,480,480,78851,79330,0.15908688306808472,90,12,0.05754208564758301,288,13,0.05721855163574219,288,13,37.154816,113,0,0.0,0.2173333317041397,0.2173333317041397,120.0,0.0,0.0,0.0,1.0,"{""observation.images.hand_left"": 480, ""observation.images.hand_right"": 480, ""observation.images.top_head"": 480}",{},,,pass
task_5867,/root/autodl-tmp/data/sft_data/task_5867,161,data/chunk-000/episode_000161.parquet,423,423,79331,79753,0.14041346311569214,347,12,0.060152649879455566,358,12,0.06353557109832764,242,13,51.552,304,1,0.0,0.2173333317041397,0.2173333317041397,120.0,0.0,0.0,0.0,1.0,"{""observation.images.hand_left"": 423, ""observation.images.hand_right"": 423, ""observation.images.top_head"": 423}",{},,,pass
task_5867,/root/autodl-tmp/data/sft_data/task_5867,162,data/chunk-000/episode_000162.parquet,513,513,79754,80266,0.14271283149719238,55,12,0.059206247329711914,302,13,0.05786418914794922,302,13,36.580096,361,0,0.0,0.2173333317041397,0.0,120.0,0.0,0.0,0.0,1.0,"{""observation.images.hand_left"": 513, ""observation.images.hand_right"": 513, ""observation.images.top_head"": 513}",{},,,pass
task_5867,/root/autodl-tmp/data/sft_data/task_5867,163,data/chunk-000/episode_000163.parquet,514,514,80267,80780,0.14294707775115967,35,12,0.06351876258850098,303,13,0.05924272537231445,299,13,55.2832,184,2,0.0,0.2173333317041397,0.2173333317041397,120.0,0.0,0.0,0.0,1.0,"{""observation.images.hand_left"": 514, ""observation.images.hand_right"": 514, ""observation.images.top_head"": 514}",{},,,pass
task_5867,/root/autodl-tmp/data/sft_data/task_5867,164,data/chunk-000/episode_000164.parquet,484,484,80781,81264,0.14427673816680908,35,12,0.06328749656677246,252,13,0.06583893299102783,253,13,39.931648,343,0,0.0,0.2173333317041397,0.2173333317041397,120.0,0.0,0.0,0.0,1.0,"{""observation.images.hand_left"": 484, ""observation.images.hand_right"": 484, ""observation.images.top_head"": 484}",{},,,pass
task_5867,/root/autodl-tmp/data/sft_data/task_5867,165,data/chunk-000/episode_000165.parquet,483,483,81265,81747,0.15042543411254883,74,12,0.07022696733474731,397,12,0.06451261043548584,286,13,46.225664,172,0,0.0,0.2173333317041397,0.2173333317041397,120.0,0.0,0.0,0.0,1.0,"{""observation.images.hand_left"": 483, ""observation.images.hand_right"": 483, ""observation.images.top_head"": 483}",{},,,pass
task_5867,/root/autodl-tmp/data/sft_data/task_5867,166,data/chunk-000/episode_000166.parquet,544,544,81748,82291,0.15360981225967407,53,12,0.07647812366485596,307,13,0.06213945150375366,304,13,52.16384,53,1,0.0,0.2173333317041397,0.2173333317041397,120.0,0.0,0.0,0.0,1.0,"{""observation.images.hand_left"": 544, ""observation.images.hand_right"": 544, ""observation.images.top_head"": 544}",{},,,pass
task_5867,/root/autodl-tmp/data/sft_data/task_5867,167,data/chunk-000/episode_000167.parquet,574,574,82292,82865,0.16810160875320435,75,12,0.06400668621063232,335,13,0.06405895948410034,334,13,44.064768,192,0,0.0,0.2173333317041397,0.0,120.0,0.0,0.0,0.0,1.0,"{""observation.images.hand_left"": 574, ""observation.images.hand_right"": 574, ""observation.images.top_head"": 574}",{},,,pass
task_5867,/root/autodl-tmp/data/sft_data/task_5867,168,data/chunk-000/episode_000168.parquet,603,603,82866,83468,0.1350741982460022,54,12,0.06483042240142822,317,13,0.06439048051834106,326,13,51.23456,65,1,0.0,0.2173333317041397,0.2173333317041397,120.0,0.0,0.0,0.0,1.0,"{""observation.images.hand_left"": 603, ""observation.images.hand_right"": 603, ""observation.images.top_head"": 603}",{},,,pass
task_5867,/root/autodl-tmp/data/sft_data/task_5867,169,data/chunk-000/episode_000169.parquet,572,572,83469,84040,0.15479427576065063,56,12,0.04870045185089111,48,12,0.04320618510246277,326,13,40.50688,420,0,0.0,0.2173333317041397,0.2173333317041397,120.0,0.0,0.0,0.0,1.0,"{""observation.images.hand_left"": 572, ""observation.images.hand_right"": 572, ""observation.images.top_head"": 572}",{},,,pass
task_5867,/root/autodl-tmp/data/sft_data/task_5867,170,data/chunk-000/episode_000170.parquet,630,630,84041,84670,0.12726396322250366,552,12,0.062451720237731934,560,12,0.040065228939056396,551,12,38.989568,336,0,0.0,0.2173333317041397,0.2173333317041397,120.0,0.0,0.0,0.0,1.0,"{""observation.images.hand_left"": 630, ""observation.images.hand_right"": 630, ""observation.images.top_head"": 630}",{},,,pass
task_5867,/root/autodl-tmp/data/sft_data/task_5867,171,data/chunk-000/episode_000171.parquet,659,659,84671,85329,0.12550508975982666,563,8,0.058274269104003906,571,8,0.05578768253326416,377,13,49.524736,417,0,0.0,0.2173333317041397,0.0,120.0,0.0,0.0,0.0,1.0,"{""observation.images.hand_left"": 659, ""observation.images.hand_right"": 659, ""observation.images.top_head"": 659}",{},,,pass
task_5867,/root/autodl-tmp/data/sft_data/task_5867,172,data/chunk-000/episode_000172.parquet,509,509,85330,85838,0.1741396188735962,59,12,0.05698597431182861,295,13,0.06297707557678223,297,13,38.807296,443,0,0.0,0.2173333317041397,0.2173333317041397,120.0,0.0,0.0,0.0,1.0,"{""observation.images.hand_left"": 509, ""observation.images.hand_right"": 509, ""observation.images.top_head"": 509}",{},,,pass
task_5867,/root/autodl-tmp/data/sft_data/task_5867,173,data/chunk-000/episode_000173.parquet,509,509,85839,86347,0.15925651788711548,57,12,0.059448957443237305,298,13,0.0742148756980896,300,13,51.834368,455,1,0.0,0.2173333317041397,0.0,120.0,0.0,0.0,0.0,1.0,"{""observation.images.hand_left"": 509, ""observation.images.hand_right"": 509, ""observation.images.top_head"": 509}",{},,,pass
task_5867,/root/autodl-tmp/data/sft_data/task_5867,174,data/chunk-000/episode_000174.parquet,509,509,86348,86856,0.1669331192970276,41,12,0.057652175426483154,315,13,0.05433917045593262,319,13,37.174272,430,0,0.0,0.2173333317041397,0.0,120.0,0.0,0.0,0.0,1.0,"{""observation.images.hand_left"": 509, ""observation.images.hand_right"": 509, ""observation.images.top_head"": 509}",{},,,pass
task_5867,/root/autodl-tmp/data/sft_data/task_5867,175,data/chunk-000/episode_000175.parquet,477,477,86857,87333,0.15372228622436523,59,12,0.06540477275848389,415,12,0.0605165958404541,282,13,48.08832,243,0,0.0,0.2173333317041397,0.0,120.0,0.0,0.0,0.0,1.0,"{""observation.images.hand_left"": 477, ""observation.images.hand_right"": 477, ""observation.images.top_head"": 477}",{},,,pass
task_5867,/root/autodl-tmp/data/sft_data/task_5867,176,data/chunk-000/episode_000176.parquet,478,478,87334,87811,0.19451123476028442,47,12,0.06950289011001587,44,12,0.05955690145492554,289,13,54.020864,214,1,0.0,0.2173333317041397,0.0,120.0,0.0,0.0,0.0,1.0,"{""observation.images.hand_left"": 478, ""observation.images.hand_right"": 478, ""observation.images.top_head"": 478}",{},,,pass
task_5867,/root/autodl-tmp/data/sft_data/task_5867,177,data/chunk-000/episode_000177.parquet,478,478,87812,88289,0.13845878839492798,31,12,0.06571781635284424,395,12,0.057515233755111694,263,13,38.560768,425,0,0.0,0.2173333317041397,0.2173333317041397,120.0,0.0,0.0,0.0,1.0,"{""observation.images.hand_left"": 478, ""observation.images.hand_right"": 478, ""observation.images.top_head"": 478}",{},,,pass
task_5867,/root/autodl-tmp/data/sft_data/task_5867,178,data/chunk-000/episode_000178.parquet,447,447,88290,88736,0.18068647384643555,96,12,0.07712233066558838,284,13,0.08133459091186523,284,13,51.268096,284,2,0.0,0.2173333317041397,0.0,120.0,0.0,0.0,0.0,1.0,"{""observation.images.hand_left"": 447, ""observation.images.hand_right"": 447, ""observation.images.top_head"": 447}",{},,,pass
task_5867,/root/autodl-tmp/data/sft_data/task_5867,179,data/chunk-000/episode_000179.parquet,478,478,88737,89214,0.1670745611190796,52,12,0.05415785312652588,283,13,0.0526118278503418,283,13,37.941504,224,0,0.0,0.2173333317041397,0.2173333317041397,120.0,0.0,0.0,0.0,1.0,"{""observation.images.hand_left"": 478, ""observation.images.hand_right"": 478, ""observation.images.top_head"": 478}",{},,,pass
task_5867,/root/autodl-tmp/data/sft_data/task_5867,180,data/chunk-000/episode_000180.parquet,447,447,89215,89661,0.15433800220489502,48,12,0.0681149959564209,370,12,0.05697429180145264,251,13,43.583488,204,0,0.0,0.2173333317041397,0.2173333317041397,120.0,0.0,0.0,0.0,1.0,"{""observation.images.hand_left"": 447, ""observation.images.hand_right"": 447, ""observation.images.top_head"": 447}",{},,,pass
task_5867,/root/autodl-tmp/data/sft_data/task_5867,181,data/chunk-000/episode_000181.parquet,477,477,89662,90138,0.1608264446258545,40,12,0.06096005439758301,237,13,0.06173813343048096,242,13,53.358848,104,1,0.0,0.2173333317041397,0.0,120.0,0.0,0.0,0.0,1.0,"{""observation.images.hand_left"": 477, ""observation.images.hand_right"": 477, ""observation.images.top_head"": 477}",{},,,pass
task_5867,/root/autodl-tmp/data/sft_data/task_5867,182,data/chunk-000/episode_000182.parquet,447,447,90139,90585,0.1725972294807434,55,12,0.06492805480957031,379,12,0.04844123125076294,258,13,36.999936,294,0,0.0,0.2173333317041397,0.2173333317041397,120.0,0.0,0.0,0.0,1.0,"{""observation.images.hand_left"": 447, ""observation.images.hand_right"": 447, ""observation.images.top_head"": 447}",{},,,pass
task_5867,/root/autodl-tmp/data/sft_data/task_5867,183,data/chunk-000/episode_000183.parquet,447,447,90586,91032,0.12982559204101562,373,12,0.0626593828201294,384,12,0.06187772750854492,264,13,48.73344,144,0,0.0,0.2173333317041397,0.2173333317041397,120.0,0.0,0.0,0.0,1.0,"{""observation.images.hand_left"": 447, ""observation.images.hand_right"": 447, ""observation.images.top_head"": 447}",{},,,pass
task_5867,/root/autodl-tmp/data/sft_data/task_5867,184,data/chunk-000/episode_000184.parquet,477,477,91033,91509,0.14837712049484253,46,12,0.06160479784011841,276,13,0.058492422103881836,275,13,48.18944,23,0,0.0,0.2173333317041397,0.2173333317041397,120.0,0.0,0.0,0.0,1.0,"{""observation.images.hand_left"": 477, ""observation.images.hand_right"": 477, ""observation.images.top_head"": 477}",{},,,pass
task_5867,/root/autodl-tmp/data/sft_data/task_5867,185,data/chunk-000/episode_000185.parquet,507,507,91510,92016,0.15180277824401855,65,12,0.06503897905349731,279,13,0.05816090106964111,284,13,40.75776,434,0,0.0,0.2173333317041397,0.2173333317041397,120.0,0.0,0.0,0.0,1.0,"{""observation.images.hand_left"": 507, ""observation.images.hand_right"": 507, ""observation.images.top_head"": 507}",{},,,pass
task_5867,/root/autodl-tmp/data/sft_data/task_5867,186,data/chunk-000/episode_000186.parquet,508,508,92017,92524,0.11984908580780029,410,12,0.0628516674041748,417,12,0.056572914123535156,295,13,48.372992,454,0,0.0,0.2173333317041397,0.2173333317041397,120.0,0.0,0.0,0.0,1.0,"{""observation.images.hand_left"": 508, ""observation.images.hand_right"": 508, ""observation.images.top_head"": 508}",{},,,pass
task_5867,/root/autodl-tmp/data/sft_data/task_5867,187,data/chunk-000/episode_000187.parquet,446,446,92525,92970,0.14069080352783203,39,12,0.06667894124984741,243,13,0.06299448013305664,244,13,42.67648,8,0,0.0,0.2173333317041397,0.2173333317041397,120.0,0.0,0.0,0.0,1.0,"{""observation.images.hand_left"": 446, ""observation.images.hand_right"": 446, ""observation.images.top_head"": 446}",{},,,pass
task_5867,/root/autodl-tmp/data/sft_data/task_5867,188,data/chunk-000/episode_000188.parquet,477,477,92971,93447,0.13599532842636108,54,12,0.06270033121109009,277,13,0.061773061752319336,280,13,40.57344,355,0,0.0,0.2173333317041397,0.0,120.0,0.0,0.0,0.0,1.0,"{""observation.images.hand_left"": 477, ""observation.images.hand_right"": 477, ""observation.images.top_head"": 477}",{},,,pass
task_5867,/root/autodl-tmp/data/sft_data/task_5867,189,data/chunk-000/episode_000189.parquet,447,447,93448,93894,0.1451132893562317,50,12,0.06334066390991211,250,13,0.06542003154754639,255,13,48.456448,255,0,0.0,0.2173333317041397,0.2173333317041397,120.0,0.0,0.0,0.0,1.0,"{""observation.images.hand_left"": 447, ""observation.images.hand_right"": 447, ""observation.images.top_head"": 447}",{},,,pass
task_5867,/root/autodl-tmp/data/sft_data/task_5867,190,data/chunk-000/episode_000190.parquet,507,507,93895,94401,0.12541764974594116,47,12,0.07315617799758911,285,13,0.07077723741531372,284,13,42.682112,15,0,0.0,0.2173333317041397,0.2173333317041397,120.0,0.0,0.0,0.0,1.0,"{""observation.images.hand_left"": 507, ""observation.images.hand_right"": 507, ""observation.images.top_head"": 507}",{},,,pass
task_5867,/root/autodl-tmp/data/sft_data/task_5867,191,data/chunk-000/episode_000191.parquet,447,447,94402,94848,0.14547204971313477,41,12,0.06850159168243408,253,13,0.07370877265930176,253,13,43.212288,209,0,0.0,0.2173333317041397,0.0,120.0,0.0,0.0,0.0,1.0,"{""observation.images.hand_left"": 447, ""observation.images.hand_right"": 447, ""observation.images.top_head"": 447}",{},,,pass
task_5867,/root/autodl-tmp/data/sft_data/task_5867,192,data/chunk-000/episode_000192.parquet,507,507,94849,95355,0.13995790481567383,58,12,0.05629837512969971,393,12,0.05884140729904175,271,13,47.414016,255,0,0.0,0.2173333317041397,0.2173333317041397,120.0,0.0,0.0,0.0,1.0,"{""observation.images.hand_left"": 507, ""observation.images.hand_right"": 507, ""observation.images.top_head"": 507}",{},,,pass
task_5867,/root/autodl-tmp/data/sft_data/task_5867,193,data/chunk-000/episode_000193.parquet,417,417,95356,95772,0.13463622331619263,48,12,0.07133519649505615,236,13,0.07231277227401733,234,13,37.97376,303,0,0.0,0.2173333317041397,0.0,120.0,0.0,0.0,0.0,1.0,"{""observation.images.hand_left"": 417, ""observation.images.hand_right"": 417, ""observation.images.top_head"": 417}",{},,,pass
task_5867,/root/autodl-tmp/data/sft_data/task_5867,194,data/chunk-000/episode_000194.parquet,447,447,95773,96219,0.15065568685531616,52,12,0.061469435691833496,234,13,0.0597836971282959,236,13,69.54496,265,1,0.0,0.2173333317041397,0.0,120.0,0.0,0.0,0.0,1.0,"{""observation.images.hand_left"": 447, ""observation.images.hand_right"": 447, ""observation.images.top_head"": 447}",{},,source_timestamp_gap=69.545ms@265,review
task_5867,/root/autodl-tmp/data/sft_data/task_5867,195,data/chunk-000/episode_000195.parquet,476,476,96220,96695,0.14397084712982178,46,12,0.07660925388336182,277,13,0.08405661582946777,282,13,46.168832,84,0,0.0,0.2173333317041397,0.0,120.0,0.0,0.0,0.0,1.0,"{""observation.images.hand_left"": 476, ""observation.images.hand_right"": 476, ""observation.images.top_head"": 476}",{},,,pass
task_5867,/root/autodl-tmp/data/sft_data/task_5867,196,data/chunk-000/episode_000196.parquet,449,449,96696,97144,0.1261175274848938,59,12,0.06550145149230957,244,13,0.06624031066894531,247,13,43.941888,143,0,0.0,0.2173333317041397,0.2173333317041397,119.82379913330078,0.0,0.0,0.0,1.0,"{""observation.images.hand_left"": 449, ""observation.images.hand_right"": 449, ""observation.images.top_head"": 449}",{},,,pass
task_5867,/root/autodl-tmp/data/sft_data/task_5867,197,data/chunk-000/episode_000197.parquet,441,441,97145,97585,0.15477865934371948,47,12,0.05738496780395508,245,13,0.05458354949951172,246,13,45.150464,14,0,0.0,0.2173333317041397,0.2173333317041397,120.0,0.0,0.0,0.0,1.0,"{""observation.images.hand_left"": 441, ""observation.images.hand_right"": 441, ""observation.images.top_head"": 441}",{},,,pass
task_5867,/root/autodl-tmp/data/sft_data/task_5867,198,data/chunk-000/episode_000198.parquet,435,435,97586,98020,0.14310801029205322,354,12,0.05767953395843506,243,13,0.05981862545013428,246,13,40.579072,287,0,0.0,0.2173333317041397,0.2173333317041397,120.0,0.0,0.0,0.0,1.0,"{""observation.images.hand_left"": 435, ""observation.images.hand_right"": 435, ""observation.images.top_head"": 435}",{},,,pass
task_5867,/root/autodl-tmp/data/sft_data/task_5867,199,data/chunk-000/episode_000199.parquet,443,443,98021,98463,0.16034507751464844,344,12,0.07066333293914795,354,12,0.06569921970367432,229,13,45.446656,203,0,0.0,0.2173333317041397,0.0,120.0,0.0,0.0,0.0,1.0,"{""observation.images.hand_left"": 443, ""observation.images.hand_right"": 443, ""observation.images.top_head"": 443}",{},,,pass
task_5867,/root/autodl-tmp/data/sft_data/task_5867,200,data/chunk-000/episode_000200.parquet,417,417,98464,98880,0.16847705841064453,47,12,0.05765843391418457,221,13,0.06135416030883789,222,13,46.416896,414,0,0.0,0.2173333317041397,0.0,120.0,0.0,0.0,0.0,1.0,"{""observation.images.hand_left"": 417, ""observation.images.hand_right"": 417, ""observation.images.top_head"": 417}",{},,,pass
task_5867,/root/autodl-tmp/data/sft_data/task_5867,201,data/chunk-000/episode_000201.parquet,423,423,98881,99303,0.1335684061050415,357,12,0.05972445011138916,243,13,0.06376230716705322,245,13,40.010496,141,0,0.0,0.2173333317041397,0.2173333317041397,120.0,0.0,0.0,0.0,1.0,"{""observation.images.hand_left"": 423, ""observation.images.hand_right"": 423, ""observation.images.top_head"": 423}",{},,,pass
task_5867,/root/autodl-tmp/data/sft_data/task_5867,202,data/chunk-000/episode_000202.parquet,484,484,99304,99787,0.14038044214248657,52,12,0.06818544864654541,377,12,0.0642857551574707,247,13,51.485952,465,1,0.0,0.2173333317041397,0.0,120.0,0.0,0.0,0.0,1.0,"{""observation.images.hand_left"": 484, ""observation.images.hand_right"": 484, ""observation.images.top_head"": 484}",{},,,pass
task_5867,/root/autodl-tmp/data/sft_data/task_5867,203,data/chunk-000/episode_000203.parquet,454,454,99788,100241,0.16532397270202637,352,12,0.0830235481262207,356,12,0.05564802885055542,232,13,49.237504,399,0,0.0,0.2173333317041397,0.0,120.0,0.0,0.0,0.0,1.0,"{""observation.images.hand_left"": 454, ""observation.images.hand_right"": 454, ""observation.images.top_head"": 454}",{},,,pass
task_5867,/root/autodl-tmp/data/sft_data/task_5867,204,data/chunk-000/episode_000204.parquet,455,455,100242,100696,0.1715167760848999,352,12,0.0927891731262207,360,12,0.059364914894104004,234,13,44.077568,426,0,0.0,0.2173333317041397,0.2173333317041397,120.0,0.0,0.0,0.0,1.0,"{""observation.images.hand_left"": 455, ""observation.images.hand_right"": 455, ""observation.images.top_head"": 455}",{},,,pass
task_5867,/root/autodl-tmp/data/sft_data/task_5867,205,data/chunk-000/episode_000205.parquet,397,397,100697,101093,0.18626928329467773,322,12,0.07428550720214844,333,12,0.06555962562561035,211,13,49.136896,64,0,0.0,0.2173333317041397,0.2173333317041397,120.0,0.0,0.0,0.0,1.0,"{""observation.images.hand_left"": 397, ""observation.images.hand_right"": 397, ""observation.images.top_head"": 397}",{},,,pass
task_5867,/root/autodl-tmp/data/sft_data/task_5867,206,data/chunk-000/episode_000206.parquet,421,421,101094,101514,0.1671273112297058,54,12,0.056186556816101074,337,12,0.04737675189971924,234,13,45.038592,34,0,0.0,0.2173333317041397,0.0,120.0,0.0,0.0,0.0,1.0,"{""observation.images.hand_left"": 421, ""observation.images.hand_right"": 421, ""observation.images.top_head"": 421}",{},,,pass
task_5867,/root/autodl-tmp/data/sft_data/task_5867,207,data/chunk-000/episode_000207.parquet,480,480,101515,101994,0.15820097923278809,344,12,0.07168042659759521,354,12,0.05859720706939697,236,13,44.604672,141,0,0.0,0.2173333317041397,0.2173333317041397,120.0,0.0,0.0,0.0,1.0,"{""observation.images.hand_left"": 480, ""observation.images.hand_right"": 480, ""observation.images.top_head"": 480}",{},,,pass
task_5867,/root/autodl-tmp/data/sft_data/task_5867,208,data/chunk-000/episode_000208.parquet,391,391,101995,102385,0.17850804328918457,303,12,0.08287882804870605,312,12,0.05501985549926758,200,13,44.045568,290,0,0.0,0.2173333317041397,0.0,120.0,0.0,0.0,0.0,1.0,"{""observation.images.hand_left"": 391, ""observation.images.hand_right"": 391, ""observation.images.top_head"": 391}",{},,,pass
task_5867,/root/autodl-tmp/data/sft_data/task_5867,209,data/chunk-000/episode_000209.parquet,420,420,102386,102805,0.1758289337158203,344,12,0.08734416961669922,350,12,0.06067359447479248,234,13,41.6128,350,0,0.0,0.2173333317041397,0.2173333317041397,120.0,0.0,0.0,0.0,1.0,"{""observation.images.hand_left"": 420, ""observation.images.hand_right"": 420, ""observation.images.top_head"": 420}",{},,,pass
task_5867,/root/autodl-tmp/data/sft_data/task_5867,210,data/chunk-000/episode_000210.parquet,448,448,102806,103253,0.1572864055633545,350,12,0.06565415859222412,360,12,0.0746685266494751,242,13,47.326208,224,0,0.0,0.2173333317041397,0.2173333317041397,120.0,0.0,0.0,0.0,1.0,"{""observation.images.hand_left"": 448, ""observation.images.hand_right"": 448, ""observation.images.top_head"": 448}",{},,,pass
task_5867,/root/autodl-tmp/data/sft_data/task_5867,211,data/chunk-000/episode_000211.parquet,381,381,103254,103634,0.16048216819763184,40,12,0.07783544063568115,325,12,0.060848116874694824,208,13,53.407232,2,2,0.0,0.2173333317041397,0.2173333317041397,120.0,0.0,0.0,0.0,1.0,"{""observation.images.hand_left"": 381, ""observation.images.hand_right"": 381, ""observation.images.top_head"": 381}",{},,,pass
task_5867,/root/autodl-tmp/data/sft_data/task_5867,212,data/chunk-000/episode_000212.parquet,482,482,103635,104116,0.18056535720825195,397,12,0.08418822288513184,408,12,0.07004427909851074,282,13,45.946624,473,0,0.0,0.2173333317041397,0.2173333317041397,120.0,0.0,0.0,0.0,1.0,"{""observation.images.hand_left"": 482, ""observation.images.hand_right"": 482, ""observation.images.top_head"": 482}",{},,,pass
task_5867,/root/autodl-tmp/data/sft_data/task_5867,213,data/chunk-000/episode_000213.parquet,449,449,104117,104565,0.14879333972930908,361,12,0.06258141994476318,252,13,0.0673220157623291,254,13,53.260032,83,1,0.0,0.2173333317041397,0.0,120.0,0.0,0.0,0.0,1.0,"{""observation.images.hand_left"": 449, ""observation.images.hand_right"": 449, ""observation.images.top_head"": 449}",{},,,pass
task_5867,/root/autodl-tmp/data/sft_data/task_5867,214,data/chunk-000/episode_000214.parquet,418,418,104566,104983,0.18136286735534668,316,12,0.08161485195159912,326,12,0.05142521858215332,208,13,38.344704,312,0,0.0,0.2173333317041397,0.2173333317041397,120.0,0.0,0.0,0.0,1.0,"{""observation.images.hand_left"": 418, ""observation.images.hand_right"": 418, ""observation.images.top_head"": 418}",{},,,pass
task_5867,/root/autodl-tmp/data/sft_data/task_5867,215,data/chunk-000/episode_000215.parquet,475,475,104984,105458,0.15248537063598633,40,12,0.06618231534957886,260,13,0.0687704086303711,260,13,47.470848,149,0,0.0,0.2173333317041397,0.2173333317041397,120.0,0.0,0.0,0.0,1.0,"{""observation.images.hand_left"": 475, ""observation.images.hand_right"": 475, ""observation.images.top_head"": 475}",{},,,pass
task_5867,/root/autodl-tmp/data/sft_data/task_5867,216,data/chunk-000/episode_000216.parquet,451,451,105459,105909,0.19158780574798584,357,12,0.09083938598632812,365,12,0.052838683128356934,249,13,46.892544,144,0,0.0,0.2173333317041397,0.0,120.0,0.0,0.0,0.0,1.0,"{""observation.images.hand_left"": 451, ""observation.images.hand_right"": 451, ""observation.images.top_head"": 451}",{},,,pass
task_5867,/root/autodl-tmp/data/sft_data/task_5867,217,data/chunk-000/episode_000217.parquet,452,452,105910,106361,0.16439056396484375,377,12,0.08750951290130615,385,12,0.05378091335296631,376,12,49.668096,359,0,0.0,0.2173333317041397,0.0,120.0,0.0,0.0,0.0,1.0,"{""observation.images.hand_left"": 452, ""observation.images.hand_right"": 452, ""observation.images.top_head"": 452}",{},,,pass
task_5867,/root/autodl-tmp/data/sft_data/task_5867,218,data/chunk-000/episode_000218.parquet,418,418,106362,106779,0.17266714572906494,337,12,0.06622791290283203,348,12,0.05870175361633301,229,13,49.880064,281,0,0.0,0.2173333317041397,0.2173333317041397,120.0,0.0,0.0,0.0,1.0,"{""observation.images.hand_left"": 418, ""observation.images.hand_right"": 418, ""observation.images.top_head"": 418}",{},,,pass
task_5867,/root/autodl-tmp/data/sft_data/task_5867,219,data/chunk-000/episode_000219.parquet,404,404,106780,107183,0.1674317717552185,317,10,0.1600016951560974,317,10,0.15579360723495483,318,10,41.722112,284,0,0.0,0.2173333317041397,0.0,120.0,0.0,0.0,0.0,1.0,"{""observation.images.hand_left"": 404, ""observation.images.hand_right"": 404, ""observation.images.top_head"": 404}",{},,max_action_jump=0.160002;max_state_jump=0.155794,review
task_5867,/root/autodl-tmp/data/sft_data/task_5867,220,data/chunk-000/episode_000220.parquet,402,402,107184,107585,0.15305960178375244,343,12,0.06927990913391113,240,13,0.07253968715667725,242,13,50.11328,368,1,0.0,0.2173333317041397,0.0,120.0,0.0,0.0,0.0,1.0,"{""observation.images.hand_left"": 402, ""observation.images.hand_right"": 402, ""observation.images.top_head"": 402}",{},,,pass
task_5867,/root/autodl-tmp/data/sft_data/task_5867,221,data/chunk-000/episode_000221.parquet,421,421,107586,108006,0.151824951171875,31,12,0.06317996978759766,353,12,0.054409146308898926,223,13,47.830528,292,0,0.0,0.2173333317041397,0.2173333317041397,120.0,0.0,0.0,0.0,1.0,"{""observation.images.hand_left"": 421, ""observation.images.hand_right"": 421, ""observation.images.top_head"": 421}",{},,,pass
task_5867,/root/autodl-tmp/data/sft_data/task_5867,222,data/chunk-000/episode_000222.parquet,419,419,108007,108425,0.19578087329864502,354,12,0.07453811168670654,364,12,0.05140775442123413,350,12,44.498944,68,0,0.0,0.2173333317041397,0.0,120.0,0.0,0.0,0.0,1.0,"{""observation.images.hand_left"": 419, ""observation.images.hand_right"": 419, ""observation.images.top_head"": 419}",{},,,pass
task_5867,/root/autodl-tmp/data/sft_data/task_5867,223,data/chunk-000/episode_000223.parquet,391,391,108426,108816,0.1459130048751831,328,12,0.06174790859222412,227,13,0.06761884689331055,223,13,53.235712,353,2,0.0,0.2173333317041397,0.2173333317041397,120.0,0.0,0.0,0.0,1.0,"{""observation.images.hand_left"": 391, ""observation.images.hand_right"": 391, ""observation.images.top_head"": 391}",{},,,pass
task_5867,/root/autodl-tmp/data/sft_data/task_5867,224,data/chunk-000/episode_000224.parquet,392,392,108817,109208,0.14999866485595703,312,12,0.06270909309387207,324,12,0.048685431480407715,215,13,38.862848,92,0,0.0,0.2173333317041397,0.0,120.0,0.0,0.0,0.0,1.0,"{""observation.images.hand_left"": 392, ""observation.images.hand_right"": 392, ""observation.images.top_head"": 392}",{},,,pass
task_5867,/root/autodl-tmp/data/sft_data/task_5867,225,data/chunk-000/episode_000225.parquet,446,446,109209,109654,0.17325681447982788,328,12,0.07400631904602051,335,12,0.05959177017211914,222,13,41.12768,421,0,0.0,0.2173333317041397,0.2173333317041397,120.0,0.0,0.0,0.0,1.0,"{""observation.images.hand_left"": 446, ""observation.images.hand_right"": 446, ""observation.images.top_head"": 446}",{},,,pass
task_5867,/root/autodl-tmp/data/sft_data/task_5867,226,data/chunk-000/episode_000226.parquet,442,442,109655,110096,0.15857172012329102,366,12,0.08218646049499512,370,12,0.07698929309844971,242,13,48.51584,378,0,0.0,0.2173333317041397,0.2173333317041397,120.0,0.0,0.0,0.0,1.0,"{""observation.images.hand_left"": 442, ""observation.images.hand_right"": 442, ""observation.images.top_head"": 442}",{},,,pass
task_5867,/root/autodl-tmp/data/sft_data/task_5867,227,data/chunk-000/episode_000227.parquet,420,420,110097,110516,0.16001594066619873,324,12,0.08023011684417725,332,12,0.06686842441558838,209,13,51.094016,54,1,0.0,0.2173333317041397,0.0,120.0,0.0,0.0,0.0,1.0,"{""observation.images.hand_left"": 420, ""observation.images.hand_right"": 420, ""observation.images.top_head"": 420}",{},,,pass
task_5867,/root/autodl-tmp/data/sft_data/task_5867,228,data/chunk-000/episode_000228.parquet,391,391,110517,110907,0.16572463512420654,298,12,0.08227860927581787,308,12,0.07468605041503906,203,13,39.327232,82,0,0.0,0.2173333317041397,0.2173333317041397,120.0,0.0,0.0,0.0,1.0,"{""observation.images.hand_left"": 391, ""observation.images.hand_right"": 391, ""observation.images.top_head"": 391}",{},,,pass
task_5867,/root/autodl-tmp/data/sft_data/task_5867,229,data/chunk-000/episode_000229.parquet,391,391,110908,111298,0.15615010261535645,324,12,0.06272494792938232,329,12,0.05735814571380615,218,13,50.0544,234,1,0.0,0.2173333317041397,0.2173333317041397,120.0,0.0,0.0,0.0,1.0,"{""observation.images.hand_left"": 391, ""observation.images.hand_right"": 391, ""observation.images.top_head"": 391}",{},,,pass
task_5867,/root/autodl-tmp/data/sft_data/task_5867,230,data/chunk-000/episode_000230.parquet,361,361,111299,111659,0.1602933406829834,299,12,0.08061981201171875,309,12,0.05830037593841553,201,13,54.514944,41,1,0.0,0.2173333317041397,0.2173333317041397,120.0,0.0,0.0,0.0,1.0,"{""observation.images.hand_left"": 361, ""observation.images.hand_right"": 361, ""observation.images.top_head"": 361}",{},,,pass
task_5867,/root/autodl-tmp/data/sft_data/task_5867,231,data/chunk-000/episode_000231.parquet,362,362,111660,112021,0.1820511817932129,296,12,0.09171879291534424,303,12,0.06255817413330078,205,13,42.479616,284,0,0.0,0.2173333317041397,0.0,120.0,0.0,0.0,0.0,1.0,"{""observation.images.hand_left"": 362, ""observation.images.hand_right"": 362, ""observation.images.top_head"": 362}",{},,,pass
task_5867,/root/autodl-tmp/data/sft_data/task_5867,232,data/chunk-000/episode_000232.parquet,392,392,112022,112413,0.16475313901901245,320,12,0.07200145721435547,330,12,0.06880533695220947,224,13,47.804416,364,0,0.0,0.2173333317041397,0.2173333317041397,120.0,0.0,0.0,0.0,1.0,"{""observation.images.hand_left"": 392, ""observation.images.hand_right"": 392, ""observation.images.top_head"": 392}",{},,,pass
task_5867,/root/autodl-tmp/data/sft_data/task_5867,233,data/chunk-000/episode_000233.parquet,388,388,112414,112801,0.14712828397750854,316,12,0.06580877304077148,208,13,0.06022000312805176,208,13,38.123008,222,0,0.0,0.2173333317041397,0.2173333317041397,120.0,0.0,0.0,0.0,1.0,"{""observation.images.hand_left"": 388, ""observation.images.hand_right"": 388, ""observation.images.top_head"": 388}",{},,,pass
task_5867,/root/autodl-tmp/data/sft_data/task_5867,234,data/chunk-000/episode_000234.parquet,406,406,112802,113207,0.17164075374603271,335,12,0.07141804695129395,228,13,0.07164967060089111,228,13,46.555136,44,0,0.0,0.2173333317041397,0.0,120.0,0.0,0.0,0.0,1.0,"{""observation.images.hand_left"": 406, ""observation.images.hand_right"": 406, ""observation.images.top_head"": 406}",{},,,pass
task_5867,/root/autodl-tmp/data/sft_data/task_5867,235,data/chunk-000/episode_000235.parquet,346,346,113208,113553,0.15395808219909668,281,12,0.07841622829437256,288,12,0.06489646434783936,187,13,54.318336,33,1,0.0,0.2173333317041397,0.2173333317041397,120.0,0.0,0.0,0.0,1.0,"{""observation.images.hand_left"": 346, ""observation.images.hand_right"": 346, ""observation.images.top_head"": 346}",{},,,pass
task_5867,/root/autodl-tmp/data/sft_data/task_5867,236,data/chunk-000/episode_000236.parquet,436,436,113554,113989,0.1653461456298828,347,12,0.06535923480987549,238,13,0.06360518932342529,238,13,37.128704,116,0,0.0,0.2173333317041397,0.2173333317041397,120.0,0.0,0.0,0.0,1.0,"{""observation.images.hand_left"": 436, ""observation.images.hand_right"": 436, ""observation.images.top_head"": 436}",{},,,pass
task_5867,/root/autodl-tmp/data/sft_data/task_5867,237,data/chunk-000/episode_000237.parquet,385,385,113990,114374,0.16956156492233276,48,12,0.062001585960388184,213,13,0.06199979782104492,212,13,45.194496,85,0,0.0,0.2173333317041397,0.2173333317041397,120.0,0.0,0.0,0.0,1.0,"{""observation.images.hand_left"": 385, ""observation.images.hand_right"": 385, ""observation.images.top_head"": 385}",{},,,pass
task_5867,/root/autodl-tmp/data/sft_data/task_5867,238,data/chunk-000/episode_000238.parquet,389,389,114375,114763,0.1577305793762207,306,12,0.07119476795196533,314,12,0.06528031826019287,203,13,53.421824,35,2,0.0,0.2173333317041397,0.2173333317041397,120.0,0.0,0.0,0.0,1.0,"{""observation.images.hand_left"": 389, ""observation.images.hand_right"": 389, ""observation.images.top_head"": 389}",{},,,pass
task_5867,/root/autodl-tmp/data/sft_data/task_5867,239,data/chunk-000/episode_000239.parquet,376,376,114764,115139,0.156141996383667,313,12,0.08205723762512207,320,12,0.05962657928466797,207,13,39.039744,109,0,0.0,0.2173333317041397,0.2173333317041397,120.0,0.0,0.0,0.0,1.0,"{""observation.images.hand_left"": 376, ""observation.images.hand_right"": 376, ""observation.images.top_head"": 376}",{},,,pass
task_5867,/root/autodl-tmp/data/sft_data/task_5867,240,data/chunk-000/episode_000240.parquet,385,385,115140,115524,0.15681487321853638,54,12,0.07397079467773438,334,12,0.06877028942108154,228,13,44.510208,134,0,0.0,0.2173333317041397,0.2173333317041397,120.0,0.0,0.0,0.0,1.0,"{""observation.images.hand_left"": 385, ""observation.images.hand_right"": 385, ""observation.images.top_head"": 385}",{},,,pass
task_5867,/root/autodl-tmp/data/sft_data/task_5867,241,data/chunk-000/episode_000241.parquet,362,362,115525,115886,0.18209469318389893,297,12,0.08730161190032959,306,12,0.06381464004516602,204,13,49.643264,238,0,0.0,0.2173333317041397,0.0,120.0,0.0,0.0,0.0,1.0,"{""observation.images.hand_left"": 362, ""observation.images.hand_right"": 362, ""observation.images.top_head"": 362}",{},,,pass
task_5867,/root/autodl-tmp/data/sft_data/task_5867,242,data/chunk-000/episode_000242.parquet,390,390,115887,116276,0.16920244693756104,294,12,0.09179389476776123,301,12,0.06397175788879395,196,13,38.806016,293,0,0.0,0.2173333317041397,0.0,120.0,0.0,0.0,0.0,1.0,"{""observation.images.hand_left"": 390, ""observation.images.hand_right"": 390, ""observation.images.top_head"": 390}",{},,,pass
task_5867,/root/autodl-tmp/data/sft_data/task_5867,243,data/chunk-000/episode_000243.parquet,495,495,116277,116771,0.1747313141822815,383,12,0.07804179191589355,394,12,0.05271637439727783,273,13,46.57664,155,0,0.0,0.2173333317041397,0.0,120.0,0.0,0.0,0.0,1.0,"{""observation.images.hand_left"": 495, ""observation.images.hand_right"": 495, ""observation.images.top_head"": 495}",{},,,pass
task_5867,/root/autodl-tmp/data/sft_data/task_5867,244,data/chunk-000/episode_000244.parquet,431,431,116772,117202,0.1743013858795166,323,12,0.09413516521453857,331,12,0.05823063850402832,224,13,42.321408,346,0,0.0,0.2173333317041397,0.0,120.0,0.0,0.0,0.0,1.0,"{""observation.images.hand_left"": 431, ""observation.images.hand_right"": 431, ""observation.images.top_head"": 431}",{},,,pass
task_5867,/root/autodl-tmp/data/sft_data/task_5867,245,data/chunk-000/episode_000245.parquet,428,428,117203,117630,0.19082379341125488,382,12,0.08785033226013184,389,12,0.06451261043548584,273,13,50.859264,181,1,0.0,0.2173333317041397,0.2173333317041397,120.0,0.0,0.0,0.0,1.0,"{""observation.images.hand_left"": 428, ""observation.images.hand_right"": 428, ""observation.images.top_head"": 428}",{},,,pass
task_5867,/root/autodl-tmp/data/sft_data/task_5867,246,data/chunk-000/episode_000246.parquet,453,453,117631,118083,0.1485811471939087,380,12,0.07238447666168213,390,12,0.05475819110870361,262,13,55.447552,199,2,0.0,0.2173333317041397,0.2173333317041397,120.0,0.0,0.0,0.0,1.0,"{""observation.images.hand_left"": 453, ""observation.images.hand_right"": 453, ""observation.images.top_head"": 453}",{},,,pass
task_5867,/root/autodl-tmp/data/sft_data/task_5867,247,data/chunk-000/episode_000247.parquet,426,426,118084,118509,0.1626753807067871,346,12,0.0620112419128418,358,12,0.062453627586364746,239,13,39.793408,234,0,0.0,0.2173333317041397,0.0,120.0,0.0,0.0,0.0,1.0,"{""observation.images.hand_left"": 426, ""observation.images.hand_right"": 426, ""observation.images.top_head"": 426}",{},,,pass
task_5867,/root/autodl-tmp/data/sft_data/task_5867,248,data/chunk-000/episode_000248.parquet,403,403,118510,118912,0.18476808071136475,327,12,0.08373427391052246,336,12,0.06943368911743164,221,13,56.932608,351,2,0.0,0.2173333317041397,0.2173333317041397,120.0,0.0,0.0,0.0,1.0,"{""observation.images.hand_left"": 403, ""observation.images.hand_right"": 403, ""observation.images.top_head"": 403}",{},,,pass
task_5867,/root/autodl-tmp/data/sft_data/task_5867,249,data/chunk-000/episode_000249.parquet,430,430,118913,119342,0.18318283557891846,360,12,0.09067130088806152,369,12,0.06768858432769775,254,13,55.518464,166,4,0.0,0.2173333317041397,0.0,120.0,0.0,0.0,0.0,1.0,"{""observation.images.hand_left"": 430, ""observation.images.hand_right"": 430, ""observation.images.top_head"": 430}",{},,,pass
task_5867,/root/autodl-tmp/data/sft_data/task_5867,250,data/chunk-000/episode_000250.parquet,395,395,119343,119737,0.14905989170074463,332,12,0.0719764232635498,342,12,0.051320433616638184,227,13,39.501568,342,0,0.0,0.2173333317041397,0.2173333317041397,120.0,0.0,0.0,0.0,1.0,"{""observation.images.hand_left"": 395, ""observation.images.hand_right"": 395, ""observation.images.top_head"": 395}",{},,,pass
task_5867,/root/autodl-tmp/data/sft_data/task_5867,251,data/chunk-000/episode_000251.parquet,398,398,119738,120135,0.1715078353881836,327,12,0.07217109203338623,336,12,0.05407750606536865,228,13,43.224064,143,0,0.0,0.2173333317041397,0.2173333317041397,120.0,0.0,0.0,0.0,1.0,"{""observation.images.hand_left"": 398, ""observation.images.hand_right"": 398, ""observation.images.top_head"": 398}",{},,,pass
task_5867,/root/autodl-tmp/data/sft_data/task_5867,252,data/chunk-000/episode_000252.parquet,406,406,120136,120541,0.15648823976516724,45,12,0.07105350494384766,331,12,0.05887627601623535,230,13,49.3248,154,0,0.0,0.2173333317041397,0.2173333317041397,120.0,0.0,0.0,0.0,1.0,"{""observation.images.hand_left"": 406, ""observation.images.hand_right"": 406, ""observation.images.top_head"": 406}",{},,,pass
task_5867,/root/autodl-tmp/data/sft_data/task_5867,253,data/chunk-000/episode_000253.parquet,403,403,120542,120944,0.16144609451293945,41,12,0.05983257293701172,330,12,0.06219172477722168,225,13,52.589312,92,1,0.0,0.2173333317041397,0.0,120.0,0.0,0.0,0.0,1.0,"{""observation.images.hand_left"": 403, ""observation.images.hand_right"": 403, ""observation.images.top_head"": 403}",{},,,pass
task_5867,/root/autodl-tmp/data/sft_data/task_5867,254,data/chunk-000/episode_000254.parquet,345,345,120945,121289,0.15482306480407715,31,12,0.0696181058883667,284,12,0.05938231945037842,184,13,41.17888,292,0,0.0,0.2173333317041397,0.0,120.0,0.0,0.0,0.0,1.0,"{""observation.images.hand_left"": 345, ""observation.images.hand_right"": 345, ""observation.images.top_head"": 345}",{},,,pass
task_5867,/root/autodl-tmp/data/sft_data/task_5867,255,data/chunk-000/episode_000255.parquet,377,377,121290,121666,0.15423333644866943,300,12,0.0707390308380127,212,13,0.07330751419067383,212,13,47.60192,24,0,0.0,0.2173333317041397,0.2173333317041397,120.0,0.0,0.0,0.0,1.0,"{""observation.images.hand_left"": 377, ""observation.images.hand_right"": 377, ""observation.images.top_head"": 377}",{},,,pass
task_5867,/root/autodl-tmp/data/sft_data/task_5867,256,data/chunk-000/episode_000256.parquet,393,393,121667,122059,0.17281335592269897,319,12,0.08407974243164062,329,12,0.04807460308074951,217,13,50.09792,368,1,0.0,0.2173333317041397,0.0,120.0,0.0,0.0,0.0,1.0,"{""observation.images.hand_left"": 393, ""observation.images.hand_right"": 393, ""observation.images.top_head"": 393}",{},,,pass
task_5867,/root/autodl-tmp/data/sft_data/task_5867,257,data/chunk-000/episode_000257.parquet,406,406,122060,122465,0.16454201936721802,338,12,0.08667373657226562,347,12,0.06959056854248047,235,13,60.407296,224,2,0.0,0.2173333317041397,0.2173333317041397,120.0,0.0,0.0,0.0,1.0,"{""observation.images.hand_left"": 406, ""observation.images.hand_right"": 406, ""observation.images.top_head"": 406}",{},,source_timestamp_gap=60.407ms@224,review
task_5867,/root/autodl-tmp/data/sft_data/task_5867,258,data/chunk-000/episode_000258.parquet,377,377,122466,122842,0.15272021293640137,305,12,0.06385844945907593,170,13,0.058248162269592285,204,13,37.060352,103,0,0.0,0.2173333317041397,0.0,120.0,0.0,0.0,0.0,1.0,"{""observation.images.hand_left"": 377, ""observation.images.hand_right"": 377, ""observation.images.top_head"": 377}",{},,,pass
task_5867,/root/autodl-tmp/data/sft_data/task_5867,259,data/chunk-000/episode_000259.parquet,429,429,122843,123271,0.14987629652023315,36,12,0.07178246974945068,213,13,0.06845635175704956,213,13,44.634112,213,0,0.0,0.2173333317041397,0.2173333317041397,120.0,0.0,0.0,0.0,1.0,"{""observation.images.hand_left"": 429, ""observation.images.hand_right"": 429, ""observation.images.top_head"": 429}",{},,,pass
task_5867,/root/autodl-tmp/data/sft_data/task_5867,260,data/chunk-000/episode_000260.parquet,359,359,123272,123630,0.16104888916015625,28,12,0.06552183628082275,294,12,0.06301188468933105,191,13,60.4352,163,2,0.0,0.2173333317041397,0.0,120.0,0.0,0.0,0.0,1.0,"{""observation.images.hand_left"": 359, ""observation.images.hand_right"": 359, ""observation.images.top_head"": 359}",{},,source_timestamp_gap=60.435ms@163,review
task_5867,/root/autodl-tmp/data/sft_data/task_5867,261,data/chunk-000/episode_000261.parquet,388,388,123631,124018,0.14411288499832153,45,12,0.06280374526977539,330,12,0.056887030601501465,210,13,53.789184,63,2,0.0,0.2173333317041397,0.2173333317041397,120.0,0.0,0.0,0.0,1.0,"{""observation.images.hand_left"": 388, ""observation.images.hand_right"": 388, ""observation.images.top_head"": 388}",{},,,pass
task_5867,/root/autodl-tmp/data/sft_data/task_5867,262,data/chunk-000/episode_000262.parquet,327,327,124019,124345,0.1459439992904663,28,12,0.06240123510360718,296,12,0.0568695068359375,190,13,39.395072,323,0,0.0,0.2173333317041397,0.0,120.0,0.0,0.0,0.0,1.0,"{""observation.images.hand_left"": 327, ""observation.images.hand_right"": 327, ""observation.images.top_head"": 327}",{},,,pass
task_5867,/root/autodl-tmp/data/sft_data/task_5867,263,data/chunk-000/episode_000263.parquet,448,448,124346,124793,0.16035163402557373,337,12,0.07973754405975342,347,12,0.06676369905471802,223,13,47.599872,156,0,0.0,0.2173333317041397,0.2173333317041397,120.0,0.0,0.0,0.0,1.0,"{""observation.images.hand_left"": 448, ""observation.images.hand_right"": 448, ""observation.images.top_head"": 448}",{},,,pass
task_5867,/root/autodl-tmp/data/sft_data/task_5867,264,data/chunk-000/episode_000264.parquet,387,387,124794,125180,0.15662479400634766,330,12,0.06811332702636719,338,12,0.06213939189910889,218,13,51.432448,195,2,0.0,0.2173333317041397,0.2173333317041397,120.0,0.0,0.0,0.0,1.0,"{""observation.images.hand_left"": 387, ""observation.images.hand_right"": 387, ""observation.images.top_head"": 387}",{},,,pass
task_5867,/root/autodl-tmp/data/sft_data/task_5867,265,data/chunk-000/episode_000265.parquet,327,327,125181,125507,0.1620635986328125,28,12,0.06430530548095703,303,12,0.05838775634765625,198,13,38.443264,205,0,0.0,0.2173333317041397,0.2173333317041397,120.0,0.0,0.0,0.0,1.0,"{""observation.images.hand_left"": 327, ""observation.images.hand_right"": 327, ""observation.images.top_head"": 327}",{},,,pass
task_5867,/root/autodl-tmp/data/sft_data/task_5867,266,data/chunk-000/episode_000266.parquet,387,387,125508,125894,0.15257251262664795,333,12,0.07105481624603271,342,12,0.06365758180618286,221,13,46.493184,335,0,0.0,0.2173333317041397,0.2173333317041397,120.0,0.0,0.0,0.0,1.0,"{""observation.images.hand_left"": 387, ""observation.images.hand_right"": 387, ""observation.images.top_head"": 387}",{},,,pass
task_5867,/root/autodl-tmp/data/sft_data/task_5867,267,data/chunk-000/episode_000267.parquet,387,387,125895,126281,0.14730501174926758,325,12,0.07504284381866455,226,13,0.07667529582977295,224,13,50.692352,195,1,0.0,0.2173333317041397,0.0,120.0,0.0,0.0,0.0,1.0,"{""observation.images.hand_left"": 387, ""observation.images.hand_right"": 387, ""observation.images.top_head"": 387}",{},,,pass
task_5867,/root/autodl-tmp/data/sft_data/task_5867,268,data/chunk-000/episode_000268.parquet,387,387,126282,126668,0.16672003269195557,33,12,0.06810438632965088,328,12,0.06706047058105469,221,13,37.63968,319,0,0.0,0.2173333317041397,0.0,120.0,0.0,0.0,0.0,1.0,"{""observation.images.hand_left"": 387, ""observation.images.hand_right"": 387, ""observation.images.top_head"": 387}",{},,,pass
task_5867,/root/autodl-tmp/data/sft_data/task_5867,269,data/chunk-000/episode_000269.parquet,356,356,126669,127024,0.1516159176826477,9,12,0.06247818470001221,296,12,0.058457374572753906,187,13,47.232256,352,0,0.0,0.2173333317041397,0.2173333317041397,120.0,0.0,0.0,0.0,1.0,"{""observation.images.hand_left"": 356, ""observation.images.hand_right"": 356, ""observation.images.top_head"": 356}",{},,,pass
task_5867,/root/autodl-tmp/data/sft_data/task_5867,270,data/chunk-000/episode_000270.parquet,386,386,127025,127410,0.14418625831604004,322,12,0.06993496417999268,224,13,0.07440686225891113,224,13,51.331072,320,3,0.0,0.2173333317041397,0.2173333317041397,120.0,0.0,0.0,0.0,1.0,"{""observation.images.hand_left"": 386, ""observation.images.hand_right"": 386, ""observation.images.top_head"": 386}",{},,,pass
task_5867,/root/autodl-tmp/data/sft_data/task_5867,271,data/chunk-000/episode_000271.parquet,356,356,127411,127766,0.1575472354888916,312,12,0.0804905891418457,319,12,0.06739187240600586,218,13,49.275648,16,0,0.0,0.2173333317041397,0.2173333317041397,120.0,0.0,0.0,0.0,1.0,"{""observation.images.hand_left"": 356, ""observation.images.hand_right"": 356, ""observation.images.top_head"": 356}",{},,,pass
task_5867,/root/autodl-tmp/data/sft_data/task_5867,272,data/chunk-000/episode_000272.parquet,416,416,127767,128182,0.16570830345153809,344,12,0.07306051254272461,350,12,0.062348783016204834,226,13,69.873664,394,1,0.0,0.2173333317041397,0.2173333317041397,120.0,0.0,0.0,0.0,1.0,"{""observation.images.hand_left"": 416, ""observation.images.hand_right"": 416, ""observation.images.top_head"": 416}",{},,source_timestamp_gap=69.874ms@394,review
task_5867,/root/autodl-tmp/data/sft_data/task_5867,273,data/chunk-000/episode_000273.parquet,446,446,128183,128628,0.1538858413696289,383,12,0.06599116325378418,253,13,0.06885766983032227,257,13,52.06656,282,3,0.0,0.2173333317041397,0.0,120.0,0.0,0.0,0.0,1.0,"{""observation.images.hand_left"": 446, ""observation.images.hand_right"": 446, ""observation.images.top_head"": 446}",{},,,pass
task_5867,/root/autodl-tmp/data/sft_data/task_5867,274,data/chunk-000/episode_000274.parquet,415,415,128629,129043,0.16585731506347656,386,12,0.0780649185180664,395,12,0.07297587394714355,248,13,40.906752,54,0,0.0,0.2173333317041397,0.0,120.0,0.0,0.0,0.0,1.0,"{""observation.images.hand_left"": 415, ""observation.images.hand_right"": 415, ""observation.images.top_head"": 415}",{},,,pass
task_5867,/root/autodl-tmp/data/sft_data/task_5867,275,data/chunk-000/episode_000275.parquet,409,409,129044,129452,0.16778481006622314,358,12,0.08042240142822266,367,12,0.07972902059555054,238,13,45.95328,405,0,0.0,0.2173333317041397,0.2173333317041397,120.0,0.0,0.0,0.0,1.0,"{""observation.images.hand_left"": 409, ""observation.images.hand_right"": 409, ""observation.images.top_head"": 409}",{},,,pass
task_5867,/root/autodl-tmp/data/sft_data/task_5867,276,data/chunk-000/episode_000276.parquet,439,439,129453,129891,0.16858482360839844,366,12,0.07888531684875488,376,12,0.06788051128387451,255,13,59.830272,83,2,0.0,0.2173333317041397,0.2173333317041397,120.0,0.0,0.0,0.0,1.0,"{""observation.images.hand_left"": 439, ""observation.images.hand_right"": 439, ""observation.images.top_head"": 439}",{},,,pass
task_5867,/root/autodl-tmp/data/sft_data/task_5867,277,data/chunk-000/episode_000277.parquet,373,373,129892,130264,0.15432441234588623,324,12,0.07546699047088623,334,12,0.07822835445404053,219,13,36.821248,338,0,0.0,0.2173333317041397,0.2173333317041397,120.0,0.0,0.0,0.0,1.0,"{""observation.images.hand_left"": 373, ""observation.images.hand_right"": 373, ""observation.images.top_head"": 373}",{},,,pass
task_5867,/root/autodl-tmp/data/sft_data/task_5867,278,data/chunk-000/episode_000278.parquet,383,383,130265,130647,0.15443849563598633,330,12,0.07524776458740234,218,13,0.08027005195617676,216,13,50.5408,373,1,0.0,0.2173333317041397,0.2173333317041397,120.0,0.0,0.0,0.0,1.0,"{""observation.images.hand_left"": 383, ""observation.images.hand_right"": 383, ""observation.images.top_head"": 383}",{},,,pass
task_5867,/root/autodl-tmp/data/sft_data/task_5867,279,data/chunk-000/episode_000279.parquet,408,408,130648,131055,0.1594700813293457,339,12,0.08893793821334839,231,13,0.08480697870254517,231,13,53.330432,265,3,0.0,0.2173333317041397,0.2173333317041397,120.0,0.0,0.0,0.0,1.0,"{""observation.images.hand_left"": 408, ""observation.images.hand_right"": 408, ""observation.images.top_head"": 408}",{},,,pass
task_5867,/root/autodl-tmp/data/sft_data/task_5867,280,data/chunk-000/episode_000280.parquet,412,412,131056,131467,0.15979111194610596,349,12,0.0834578275680542,357,12,0.0679328441619873,250,13,45.113088,175,0,0.0,0.2173333317041397,0.2173333317041397,120.0,0.0,0.0,0.0,1.0,"{""observation.images.hand_left"": 412, ""observation.images.hand_right"": 412, ""observation.images.top_head"": 412}",{},,,pass
task_5867,/root/autodl-tmp/data/sft_data/task_5867,281,data/chunk-000/episode_000281.parquet,445,445,131468,131912,0.17752397060394287,393,12,0.0806117057800293,404,12,0.05995821952819824,289,13,37.64224,43,0,0.0,0.2173333317041397,0.0,120.0,0.0,0.0,0.0,1.0,"{""observation.images.hand_left"": 445, ""observation.images.hand_right"": 445, ""observation.images.top_head"": 445}",{},,,pass
task_5867,/root/autodl-tmp/data/sft_data/task_5867,282,data/chunk-000/episode_000282.parquet,357,357,131913,132269,0.15674316883087158,330,12,0.08348572254180908,339,12,0.07138800621032715,225,13,46.379008,42,0,0.0,0.2173333317041397,0.0,120.0,0.0,0.0,0.0,1.0,"{""observation.images.hand_left"": 357, ""observation.images.hand_right"": 357, ""observation.images.top_head"": 357}",{},,,pass
task_5867,/root/autodl-tmp/data/sft_data/task_5867,283,data/chunk-000/episode_000283.parquet,418,418,132270,132687,0.15886294841766357,366,12,0.08244597911834717,377,12,0.06444287300109863,262,13,50.636544,13,1,0.0,0.2173333317041397,0.2173333317041397,120.0,0.0,0.0,0.0,1.0,"{""observation.images.hand_left"": 418, ""observation.images.hand_right"": 418, ""observation.images.top_head"": 418}",{},,,pass
task_5867,/root/autodl-tmp/data/sft_data/task_5867,284,data/chunk-000/episode_000284.parquet,402,402,132688,133089,0.1422501802444458,338,12,0.0660560131072998,237,13,0.07030606269836426,240,13,51.268864,165,1,0.0,0.2173333317041397,0.2173333317041397,120.0,0.0,0.0,0.0,1.0,"{""observation.images.hand_left"": 402, ""observation.images.hand_right"": 402, ""observation.images.top_head"": 402}",{},,,pass
task_5867,/root/autodl-tmp/data/sft_data/task_5867,285,data/chunk-000/episode_000285.parquet,403,403,133090,133492,0.1709156036376953,333,12,0.07538700103759766,344,12,0.0648268461227417,242,13,40.3648,268,0,0.0,0.2173333317041397,0.0,120.0,0.0,0.0,0.0,1.0,"{""observation.images.hand_left"": 403, ""observation.images.hand_right"": 403, ""observation.images.top_head"": 403}",{},,,pass
task_5867,/root/autodl-tmp/data/sft_data/task_5867,286,data/chunk-000/episode_000286.parquet,433,433,133493,133925,0.17673063278198242,381,12,0.08539140224456787,389,12,0.07620406150817871,278,13,44.17408,360,0,0.0,0.2173333317041397,0.2173333317041397,120.0,0.0,0.0,0.0,1.0,"{""observation.images.hand_left"": 433, ""observation.images.hand_right"": 433, ""observation.images.top_head"": 433}",{},,,pass
task_5867,/root/autodl-tmp/data/sft_data/task_5867,287,data/chunk-000/episode_000287.parquet,341,341,133926,134266,0.1995323896408081,228,11,0.12232625484466553,230,11,0.040955156087875366,133,12,66.382848,104,2,0.0,0.2173333317041397,0.0,120.0,0.0,0.0,0.0,1.0,"{""observation.images.hand_left"": 341, ""observation.images.hand_right"": 341, ""observation.images.top_head"": 341}",{},,source_timestamp_gap=66.383ms@104;max_action_jump=0.122326,review
task_5867,/root/autodl-tmp/data/sft_data/task_5867,288,data/chunk-000/episode_000288.parquet,482,482,134267,134748,0.14074689149856567,50,12,0.06222808361053467,298,13,0.06383204460144043,303,13,37.200384,33,0,0.0,0.2173333317041397,0.0,120.0,0.0,0.0,0.0,1.0,"{""observation.images.hand_left"": 482, ""observation.images.hand_right"": 482, ""observation.images.top_head"": 482}",{},,,pass
task_5867,/root/autodl-tmp/data/sft_data/task_5867,289,data/chunk-000/episode_000289.parquet,452,452,134749,135200,0.14644384384155273,46,12,0.06434035301208496,264,13,0.06330859661102295,263,13,39.51744,123,0,0.0,0.2173333317041397,0.0,120.0,0.0,0.0,0.0,1.0,"{""observation.images.hand_left"": 452, ""observation.images.hand_right"": 452, ""observation.images.top_head"": 452}",{},,,pass
task_5867,/root/autodl-tmp/data/sft_data/task_5867,290,data/chunk-000/episode_000290.parquet,453,453,135201,135653,0.15517210960388184,350,12,0.06636524200439453,359,12,0.04828411340713501,227,13,41.35296,47,0,0.0,0.2173333317041397,0.2173333317041397,120.0,0.0,0.0,0.0,1.0,"{""observation.images.hand_left"": 453, ""observation.images.hand_right"": 453, ""observation.images.top_head"": 453}",{},,,pass
task_5867,/root/autodl-tmp/data/sft_data/task_5867,291,data/chunk-000/episode_000291.parquet,451,451,135654,136104,0.17508620023727417,346,12,0.07298612594604492,358,12,0.06610047817230225,243,13,47.985408,102,0,0.0,0.2173333317041397,0.2173333317041397,120.0,0.0,0.0,0.0,1.0,"{""observation.images.hand_left"": 451, ""observation.images.hand_right"": 451, ""observation.images.top_head"": 451}",{},,,pass
task_5867,/root/autodl-tmp/data/sft_data/task_5867,292,data/chunk-000/episode_000292.parquet,392,392,136105,136496,0.15666449069976807,337,12,0.07117581367492676,342,12,0.05709648132324219,230,13,46.778112,16,0,0.0,0.2173333317041397,0.0,120.0,0.0,0.0,0.0,1.0,"{""observation.images.hand_left"": 392, ""observation.images.hand_right"": 392, ""observation.images.top_head"": 392}",{},,,pass
task_5867,/root/autodl-tmp/data/sft_data/task_5867,293,data/chunk-000/episode_000293.parquet,424,424,136497,136920,0.14737290143966675,21,12,0.06778192520141602,358,12,0.05943477153778076,215,13,41.11744,155,0,0.0,0.2173333317041397,0.0,120.0,0.0,0.0,0.0,1.0,"{""observation.images.hand_left"": 424, ""observation.images.hand_right"": 424, ""observation.images.top_head"": 424}",{},,,pass
task_5867,/root/autodl-tmp/data/sft_data/task_5867,294,data/chunk-000/episode_000294.parquet,423,423,136921,137343,0.14655840396881104,363,12,0.07380282878875732,372,12,0.07100403308868408,264,13,51.465216,194,1,0.0,0.2173333317041397,0.2173333317041397,120.0,0.0,0.0,0.0,1.0,"{""observation.images.hand_left"": 423, ""observation.images.hand_right"": 423, ""observation.images.top_head"": 423}",{},,,pass
task_5867,/root/autodl-tmp/data/sft_data/task_5867,295,data/chunk-000/episode_000295.parquet,392,392,137344,137735,0.17180192470550537,335,12,0.08096003532409668,340,12,0.07678008079528809,225,13,44.921856,139,0,0.0,0.2173333317041397,0.2173333317041397,120.0,0.0,0.0,0.0,1.0,"{""observation.images.hand_left"": 392, ""observation.images.hand_right"": 392, ""observation.images.top_head"": 392}",{},,,pass
task_5867,/root/autodl-tmp/data/sft_data/task_5867,296,data/chunk-000/episode_000296.parquet,423,423,137736,138158,0.1589353084564209,356,12,0.06457185745239258,363,12,0.06791543960571289,254,13,49.233152,174,0,0.0,0.2173333317041397,0.2173333317041397,120.0,0.0,0.0,0.0,1.0,"{""observation.images.hand_left"": 423, ""observation.images.hand_right"": 423, ""observation.images.top_head"": 423}",{},,,pass
task_5867,/root/autodl-tmp/data/sft_data/task_5867,297,data/chunk-000/episode_000297.parquet,423,423,138159,138581,0.1496027112007141,229,13,0.0658184289932251,242,13,0.07246983051300049,232,13,50.29888,113,1,0.0,0.2173333317041397,0.2173333317041397,120.0,0.0,0.0,0.0,1.0,"{""observation.images.hand_left"": 423, ""observation.images.hand_right"": 423, ""observation.images.top_head"": 423}",{},,,pass
task_5867,/root/autodl-tmp/data/sft_data/task_5867,298,data/chunk-000/episode_000298.parquet,393,393,138582,138974,0.15006601810455322,19,12,0.06682705879211426,229,13,0.08128213882446289,229,13,63.289856,193,2,0.0,0.2173333317041397,0.0,120.0,0.0,0.0,0.0,1.0,"{""observation.images.hand_left"": 393, ""observation.images.hand_right"": 393, ""observation.images.top_head"": 393}",{},,source_timestamp_gap=63.290ms@193,review
task_5867,/root/autodl-tmp/data/sft_data/task_5867,299,data/chunk-000/episode_000299.parquet,394,394,138975,139368,0.1722206473350525,35,12,0.06310808658599854,222,13,0.06088292598724365,222,13,41.090304,153,0,0.0,0.2173333317041397,0.2173333317041397,120.0,0.0,0.0,0.0,1.0,"{""observation.images.hand_left"": 394, ""observation.images.hand_right"": 394, ""observation.images.top_head"": 394}",{},,,pass
task_5867,/root/autodl-tmp/data/sft_data/task_5867,300,data/chunk-000/episode_000300.parquet,423,423,139369,139791,0.15965670347213745,33,12,0.06534945964813232,231,13,0.06243610382080078,233,13,44.909312,306,0,0.0,0.2173333317041397,0.0,120.0,0.0,0.0,0.0,1.0,"{""observation.images.hand_left"": 423, ""observation.images.hand_right"": 423, ""observation.images.top_head"": 423}",{},,,pass
task_5867,/root/autodl-tmp/data/sft_data/task_5867,301,data/chunk-000/episode_000301.parquet,423,423,139792,140214,0.1506497859954834,364,12,0.08279043436050415,226,13,0.08211970329284668,261,13,50.70848,84,2,0.0,0.2173333317041397,0.2173333317041397,120.0,0.0,0.0,0.0,1.0,"{""observation.images.hand_left"": 423, ""observation.images.hand_right"": 423, ""observation.images.top_head"": 423}",{},,,pass
task_5867,/root/autodl-tmp/data/sft_data/task_5867,302,data/chunk-000/episode_000302.parquet,364,364,140215,140578,0.1617668867111206,23,12,0.06976878643035889,311,12,0.05912065505981445,206,13,40.763392,173,0,0.0,0.2173333317041397,0.0,120.0,0.0,0.0,0.0,1.0,"{""observation.images.hand_left"": 364, ""observation.images.hand_right"": 364, ""observation.images.top_head"": 364}",{},,,pass
task_5867,/root/autodl-tmp/data/sft_data/task_5867,303,data/chunk-000/episode_000303.parquet,424,424,140579,141002,0.15212374925613403,50,12,0.07257580757141113,368,12,0.07808876037597656,264,13,42.943744,14,0,0.0,0.2173333317041397,0.2173333317041397,120.0,0.0,0.0,0.0,1.0,"{""observation.images.hand_left"": 424, ""observation.images.hand_right"": 424, ""observation.images.top_head"": 424}",{},,,pass
task_5867,/root/autodl-tmp/data/sft_data/task_5867,304,data/chunk-000/episode_000304.parquet,394,394,141003,141396,0.153889000415802,24,12,0.0822940468788147,230,13,0.08224189281463623,230,13,49.068288,230,0,0.0,0.2173333317041397,0.2173333317041397,120.0,0.0,0.0,0.0,1.0,"{""observation.images.hand_left"": 394, ""observation.images.hand_right"": 394, ""observation.images.top_head"": 394}",{},,,pass
task_5867,/root/autodl-tmp/data/sft_data/task_5867,305,data/chunk-000/episode_000305.parquet,484,484,141397,141880,0.15797936916351318,362,12,0.07884252071380615,368,12,0.05952179431915283,252,13,51.149568,115,2,0.0,0.2173333317041397,0.0,120.0,0.0,0.0,0.0,1.0,"{""observation.images.hand_left"": 484, ""observation.images.hand_right"": 484, ""observation.images.top_head"": 484}",{},,,pass
task_5867,/root/autodl-tmp/data/sft_data/task_5867,306,data/chunk-000/episode_000306.parquet,393,393,141881,142273,0.15460312366485596,325,12,0.0628892183303833,220,13,0.06206965446472168,228,13,36.942592,76,0,0.0,0.2173333317041397,0.2173333317041397,120.0,0.0,0.0,0.0,1.0,"{""observation.images.hand_left"": 393, ""observation.images.hand_right"": 393, ""observation.images.top_head"": 393}",{},,,pass
task_5867,/root/autodl-tmp/data/sft_data/task_5867,307,data/chunk-000/episode_000307.parquet,454,454,142274,142727,0.13691473007202148,379,12,0.06673014163970947,388,12,0.06533288955688477,272,13,47.765248,276,0,0.0,0.2173333317041397,0.0,120.0,0.0,0.0,0.0,1.0,"{""observation.images.hand_left"": 454, ""observation.images.hand_right"": 454, ""observation.images.top_head"": 454}",{},,,pass
task_5867,/root/autodl-tmp/data/sft_data/task_5867,308,data/chunk-000/episode_000308.parquet,394,394,142728,143121,0.14661109447479248,334,12,0.0639638900756836,225,13,0.05999314785003662,227,13,51.056384,128,2,0.0,0.2173333317041397,0.2173333317041397,120.0,0.0,0.0,0.0,1.0,"{""observation.images.hand_left"": 394, ""observation.images.hand_right"": 394, ""observation.images.top_head"": 394}",{},,,pass
task_5867,/root/autodl-tmp/data/sft_data/task_5867,309,data/chunk-000/episode_000309.parquet,423,423,143122,143544,0.15192937850952148,347,12,0.06764829158782959,356,12,0.06226164102554321,236,13,37.548544,126,0,0.0,0.2173333317041397,0.2173333317041397,120.0,0.0,0.0,0.0,1.0,"{""observation.images.hand_left"": 423, ""observation.images.hand_right"": 423, ""observation.images.top_head"": 423}",{},,,pass
task_5867,/root/autodl-tmp/data/sft_data/task_5867,310,data/chunk-000/episode_000310.parquet,424,424,143545,143968,0.16546010971069336,348,12,0.0605013370513916,237,13,0.0632561445236206,236,13,39.967744,358,0,0.0,0.2173333317041397,0.2173333317041397,120.0,0.0,0.0,0.0,1.0,"{""observation.images.hand_left"": 424, ""observation.images.hand_right"": 424, ""observation.images.top_head"": 424}",{},,,pass
task_5867,/root/autodl-tmp/data/sft_data/task_5867,311,data/chunk-000/episode_000311.parquet,451,451,143969,144419,0.15956783294677734,382,12,0.0823509693145752,388,12,0.06535029411315918,258,13,50.222336,393,2,0.0,0.2173333317041397,0.2173333317041397,120.0,0.0,0.0,0.0,1.0,"{""observation.images.hand_left"": 451, ""observation.images.hand_right"": 451, ""observation.images.top_head"": 451}",{},,,pass
task_5867,/root/autodl-tmp/data/sft_data/task_5867,312,data/chunk-000/episode_000312.parquet,533,533,144420,144952,0.12648332118988037,53,12,0.057692110538482666,462,8,0.05323994159698486,333,13,50.704384,527,1,0.0,0.2173333317041397,0.2173333317041397,120.0,0.0,0.0,0.0,1.0,"{""observation.images.hand_left"": 533, ""observation.images.hand_right"": 533, ""observation.images.top_head"": 533}",{},,,pass
task_5867,/root/autodl-tmp/data/sft_data/task_5867,313,data/chunk-000/episode_000313.parquet,473,473,144953,145425,0.1368403434753418,45,12,0.05664634704589844,409,8,0.0504305362701416,287,13,55.543296,340,2,0.0,0.2173333317041397,0.2173333317041397,120.0,0.0,0.0,0.0,1.0,"{""observation.images.hand_left"": 473, ""observation.images.hand_right"": 473, ""observation.images.top_head"": 473}",{},,,pass
task_5867,/root/autodl-tmp/data/sft_data/task_5867,314,data/chunk-000/episode_000314.parquet,501,501,145426,145926,0.14251291751861572,72,12,0.051965415477752686,414,8,0.04877269268035889,294,13,41.134848,72,0,0.0,0.2173333317041397,0.2173333317041397,120.0,0.0,0.0,0.0,1.0,"{""observation.images.hand_left"": 501, ""observation.images.hand_right"": 501, ""observation.images.top_head"": 501}",{},,,pass
task_5867,/root/autodl-tmp/data/sft_data/task_5867,315,data/chunk-000/episode_000315.parquet,442,442,145927,146368,0.13598930835723877,35,12,0.05805504322052002,394,12,0.06018507480621338,275,13,55.54944,43,3,0.0,0.2173333317041397,0.2173333317041397,120.0,0.0,0.0,0.0,1.0,"{""observation.images.hand_left"": 442, ""observation.images.hand_right"": 442, ""observation.images.top_head"": 442}",{},,,pass
task_5867,/root/autodl-tmp/data/sft_data/task_5867,316,data/chunk-000/episode_000316.parquet,441,441,146369,146809,0.13971126079559326,58,12,0.05801737308502197,387,12,0.05845749378204346,268,13,40.93696,133,0,0.0,0.2173333317041397,0.2173333317041397,120.0,0.0,0.0,0.0,1.0,"{""observation.images.hand_left"": 441, ""observation.images.hand_right"": 441, ""observation.images.top_head"": 441}",{},,,pass
task_5867,/root/autodl-tmp/data/sft_data/task_5867,317,data/chunk-000/episode_000317.parquet,471,471,146810,147280,0.12545394897460938,66,12,0.062185049057006836,300,13,0.061336636543273926,301,13,44.009472,445,0,0.0,0.2173333317041397,0.2173333317041397,120.0,0.0,0.0,0.0,1.0,"{""observation.images.hand_left"": 471, ""observation.images.hand_right"": 471, ""observation.images.top_head"": 471}",{},,,pass
task_5867,/root/autodl-tmp/data/sft_data/task_5867,318,data/chunk-000/episode_000318.parquet,440,440,147281,147720,0.1539210081100464,395,12,0.07431912422180176,405,12,0.05826544761657715,284,13,47.194112,414,0,0.0,0.2173333317041397,0.0,120.0,0.0,0.0,0.0,1.0,"{""observation.images.hand_left"": 440, ""observation.images.hand_right"": 440, ""observation.images.top_head"": 440}",{},,,pass
task_5867,/root/autodl-tmp/data/sft_data/task_5867,319,data/chunk-000/episode_000319.parquet,409,409,147721,148129,0.1274903416633606,38,12,0.057767510414123535,353,8,0.050447940826416016,244,13,47.483136,105,0,0.0,0.2173333317041397,0.0,120.0,0.0,0.0,0.0,1.0,"{""observation.images.hand_left"": 409, ""observation.images.hand_right"": 409, ""observation.images.top_head"": 409}",{},,,pass
task_5867,/root/autodl-tmp/data/sft_data/task_5867,320,data/chunk-000/episode_000320.parquet,410,410,148130,148539,0.15333205461502075,38,12,0.061635732650756836,342,12,0.06360530853271484,234,13,41.906432,404,0,0.0,0.2173333317041397,0.0,120.0,0.0,0.0,0.0,1.0,"{""observation.images.hand_left"": 410, ""observation.images.hand_right"": 410, ""observation.images.top_head"": 410}",{},,,pass
task_5867,/root/autodl-tmp/data/sft_data/task_5867,321,data/chunk-000/episode_000321.parquet,410,410,148540,148949,0.16268384456634521,354,12,0.08121395111083984,362,12,0.06784558296203613,247,13,46.738432,359,0,0.0,0.2173333317041397,0.0,120.0,0.0,0.0,0.0,1.0,"{""observation.images.hand_left"": 410, ""observation.images.hand_right"": 410, ""observation.images.top_head"": 410}",{},,,pass
task_5867,/root/autodl-tmp/data/sft_data/task_5867,322,data/chunk-000/episode_000322.parquet,439,439,148950,149388,0.1576089859008789,374,12,0.06777751445770264,385,12,0.06807231903076172,271,13,56.538368,314,2,0.0,0.2173333317041397,0.2173333317041397,120.0,0.0,0.0,0.0,1.0,"{""observation.images.hand_left"": 439, ""observation.images.hand_right"": 439, ""observation.images.top_head"": 439}",{},,,pass
task_5867,/root/autodl-tmp/data/sft_data/task_5867,323,data/chunk-000/episode_000323.parquet,379,379,149389,149767,0.1570591926574707,39,12,0.05915534496307373,232,13,0.055089592933654785,237,13,37.425664,63,0,0.0,0.2173333317041397,0.2173333317041397,120.0,0.0,0.0,0.0,1.0,"{""observation.images.hand_left"": 379, ""observation.images.hand_right"": 379, ""observation.images.top_head"": 379}",{},,,pass
task_5867,/root/autodl-tmp/data/sft_data/task_5867,324,data/chunk-000/episode_000324.parquet,528,528,149768,150295,0.13410413265228271,428,12,0.06464660167694092,439,12,0.061546146869659424,322,13,46.014208,212,0,0.0,0.2173333317041397,0.2173333317041397,120.0,0.0,0.0,0.0,1.0,"{""observation.images.hand_left"": 528, ""observation.images.hand_right"": 528, ""observation.images.top_head"": 528}",{},,,pass
task_5867,/root/autodl-tmp/data/sft_data/task_5867,325,data/chunk-000/episode_000325.parquet,438,438,150296,150733,0.13318270444869995,60,12,0.06566029787063599,261,13,0.06418120861053467,264,13,52.358656,376,2,0.0,0.2173333317041397,0.0,120.0,0.0,0.0,0.0,1.0,"{""observation.images.hand_left"": 438, ""observation.images.hand_right"": 438, ""observation.images.top_head"": 438}",{},,,pass
task_5867,/root/autodl-tmp/data/sft_data/task_5867,326,data/chunk-000/episode_000326.parquet,434,434,150734,151167,0.17768383026123047,342,12,0.09677529335021973,350,12,0.05086672306060791,343,12,39.211776,372,0,0.0,0.2173333317041397,0.2173333317041397,120.0,0.0,0.0,0.0,1.0,"{""observation.images.hand_left"": 434, ""observation.images.hand_right"": 434, ""observation.images.top_head"": 434}",{},,,pass
task_5867,/root/autodl-tmp/data/sft_data/task_5867,327,data/chunk-000/episode_000327.parquet,429,429,151168,151596,0.13638901710510254,331,12,0.07016825675964355,338,12,0.05674731731414795,232,13,39.220992,322,0,0.0,0.2173333317041397,0.2173333317041397,120.0,0.0,0.0,0.0,1.0,"{""observation.images.hand_left"": 429, ""observation.images.hand_right"": 429, ""observation.images.top_head"": 429}",{},,,pass
task_5867,/root/autodl-tmp/data/sft_data/task_5867,328,data/chunk-000/episode_000328.parquet,399,399,151597,151995,0.15948182344436646,46,12,0.07134747505187988,334,12,0.05679965019226074,224,13,44.895744,383,0,0.0,0.2173333317041397,0.2173333317041397,120.0,0.0,0.0,0.0,1.0,"{""observation.images.hand_left"": 399, ""observation.images.hand_right"": 399, ""observation.images.top_head"": 399}",{},,,pass
task_5867,/root/autodl-tmp/data/sft_data/task_5867,329,data/chunk-000/episode_000329.parquet,397,397,151996,152392,0.14513778686523438,53,12,0.0635526180267334,212,13,0.061005234718322754,212,13,46.24896,99,0,0.0,0.2173333317041397,0.2173333317041397,120.0,0.0,0.0,0.0,1.0,"{""observation.images.hand_left"": 397, ""observation.images.hand_right"": 397, ""observation.images.top_head"": 397}",{},,,pass
task_5867,/root/autodl-tmp/data/sft_data/task_5867,330,data/chunk-000/episode_000330.parquet,367,367,152393,152759,0.16050100326538086,305,12,0.07448828220367432,315,12,0.056363463401794434,203,13,41.179136,82,0,0.0,0.2173333317041397,0.2173333317041397,120.0,0.0,0.0,0.0,1.0,"{""observation.images.hand_left"": 367, ""observation.images.hand_right"": 367, ""observation.images.top_head"": 367}",{},,,pass
task_5867,/root/autodl-tmp/data/sft_data/task_5867,331,data/chunk-000/episode_000331.parquet,368,368,152760,153127,0.1500798463821411,312,12,0.07863175868988037,322,12,0.0738832950592041,213,13,48.55936,274,0,0.0,0.2173333317041397,0.2173333317041397,120.0,0.0,0.0,0.0,1.0,"{""observation.images.hand_left"": 368, ""observation.images.hand_right"": 368, ""observation.images.top_head"": 368}",{},,,pass
task_5867,/root/autodl-tmp/data/sft_data/task_5867,332,data/chunk-000/episode_000332.parquet,367,367,153128,153494,0.15765154361724854,303,12,0.07507181167602539,313,12,0.06018495559692383,209,13,56.561664,264,4,0.0,0.2173333317041397,0.2173333317041397,120.0,0.0,0.0,0.0,1.0,"{""observation.images.hand_left"": 367, ""observation.images.hand_right"": 367, ""observation.images.top_head"": 367}",{},,,pass
task_5867,/root/autodl-tmp/data/sft_data/task_5867,333,data/chunk-000/episode_000333.parquet,368,368,153495,153862,0.14245903491973877,310,12,0.06494700908660889,209,13,0.0587540864944458,215,13,38.651648,116,0,0.0,0.2173333317041397,0.2173333317041397,120.0,0.0,0.0,0.0,1.0,"{""observation.images.hand_left"": 368, ""observation.images.hand_right"": 368, ""observation.images.top_head"": 368}",{},,,pass
task_5867,/root/autodl-tmp/data/sft_data/task_5867,334,data/chunk-000/episode_000334.parquet,366,366,153863,154228,0.15624642372131348,31,12,0.071738600730896,320,12,0.05707895755767822,203,13,53.606656,193,2,0.0,0.2173333317041397,0.2173333317041397,120.0,0.0,0.0,0.0,1.0,"{""observation.images.hand_left"": 366, ""observation.images.hand_right"": 366, ""observation.images.top_head"": 366}",{},,,pass
task_5867,/root/autodl-tmp/data/sft_data/task_5867,335,data/chunk-000/episode_000335.parquet,397,397,154229,154625,0.15289306640625,39,12,0.07721257209777832,332,12,0.06372737884521484,221,13,52.160256,149,2,0.0,0.2173333317041397,0.2173333317041397,120.0,0.0,0.0,0.0,1.0,"{""observation.images.hand_left"": 397, ""observation.images.hand_right"": 397, ""observation.images.top_head"": 397}",{},,,pass
task_5867,/root/autodl-tmp/data/sft_data/task_5867,336,data/chunk-000/episode_000336.parquet,456,456,154626,155081,0.1551835536956787,381,12,0.08251285552978516,387,12,0.060848116874694824,268,13,40.126464,418,0,0.0,0.2173333317041397,0.2173333317041397,120.0,0.0,0.0,0.0,1.0,"{""observation.images.hand_left"": 456, ""observation.images.hand_right"": 456, ""observation.images.top_head"": 456}",{},,,pass
task_5867,/root/autodl-tmp/data/sft_data/task_5867,337,data/chunk-000/episode_000337.parquet,396,396,155082,155477,0.15308022499084473,56,12,0.0663830041885376,235,13,0.06700789928436279,235,13,46.90304,314,0,0.0,0.2173333317041397,0.2173333317041397,120.0,0.0,0.0,0.0,1.0,"{""observation.images.hand_left"": 396, ""observation.images.hand_right"": 396, ""observation.images.top_head"": 396}",{},,,pass
task_5867,/root/autodl-tmp/data/sft_data/task_5867,338,data/chunk-000/episode_000338.parquet,401,401,155478,155878,0.1291612982749939,63,12,0.06847512722015381,237,13,0.06023752689361572,239,13,52.308992,384,2,0.0,0.2173333317041397,0.2173333317041397,120.0,0.0,0.0,0.0,1.0,"{""observation.images.hand_left"": 401, ""observation.images.hand_right"": 401, ""observation.images.top_head"": 401}",{},,,pass
task_5867,/root/autodl-tmp/data/sft_data/task_5867,339,data/chunk-000/episode_000339.parquet,431,431,155879,156309,0.14126819372177124,374,12,0.06006813049316406,269,13,0.0642160177230835,271,13,52.55936,112,1,0.0,0.2173333317041397,0.2173333317041397,120.0,0.0,0.0018111111130565405,0.0,1.0,"{""observation.images.hand_left"": 431, ""observation.images.hand_right"": 431, ""observation.images.top_head"": 431}",{},,,pass
task_5867,/root/autodl-tmp/data/sft_data/task_5867,340,data/chunk-000/episode_000340.parquet,402,402,156310,156711,0.13307547569274902,37,12,0.059894442558288574,227,13,0.05969643592834473,224,13,38.407424,2,0,0.0,0.2173333317041397,0.2173333317041397,120.0,0.0,0.0,0.0,1.0,"{""observation.images.hand_left"": 402, ""observation.images.hand_right"": 402, ""observation.images.top_head"": 402}",{},,,pass
task_5867,/root/autodl-tmp/data/sft_data/task_5867,341,data/chunk-000/episode_000341.parquet,400,400,156712,157111,0.1566576361656189,40,12,0.0546572208404541,226,13,0.05550837516784668,230,13,42.313472,204,0,0.0,0.2173333317041397,0.0,120.0,0.0,0.0,0.0,1.0,"{""observation.images.hand_left"": 400, ""observation.images.hand_right"": 400, ""observation.images.top_head"": 400}",{},,,pass
task_5867,/root/autodl-tmp/data/sft_data/task_5867,342,data/chunk-000/episode_000342.parquet,430,430,157112,157541,0.1438995599746704,347,12,0.07857918739318848,355,12,0.06685090065002441,245,13,40.041472,274,0,0.0,0.2173333317041397,0.2173333317041397,120.0,0.0,0.0,0.0,1.0,"{""observation.images.hand_left"": 430, ""observation.images.hand_right"": 430, ""observation.images.top_head"": 430}",{},,,pass
task_5867,/root/autodl-tmp/data/sft_data/task_5867,343,data/chunk-000/episode_000343.parquet,460,460,157542,158001,0.16674625873565674,350,12,0.06997597217559814,357,12,0.06158113479614258,244,13,49.313792,296,0,0.0,0.2173333317041397,0.2173333317041397,120.0,0.0,0.0,0.0,1.0,"{""observation.images.hand_left"": 460, ""observation.images.hand_right"": 460, ""observation.images.top_head"": 460}",{},,,pass
task_5867,/root/autodl-tmp/data/sft_data/task_5867,344,data/chunk-000/episode_000344.parquet,429,429,158002,158430,0.1597198247909546,352,12,0.08120524883270264,361,12,0.05343198776245117,240,13,46.753536,324,0,0.0,0.2173333317041397,0.2173333317041397,120.0,0.0,0.0,0.0,1.0,"{""observation.images.hand_left"": 429, ""observation.images.hand_right"": 429, ""observation.images.top_head"": 429}",{},,,pass
task_5867,/root/autodl-tmp/data/sft_data/task_5867,345,data/chunk-000/episode_000345.parquet,397,397,158431,158827,0.1814698576927185,31,12,0.06872248649597168,336,12,0.05411243438720703,228,13,39.444736,96,0,0.0,0.2173333317041397,0.2173333317041397,120.0,0.0,0.0,0.0,1.0,"{""observation.images.hand_left"": 397, ""observation.images.hand_right"": 397, ""observation.images.top_head"": 397}",{},,,pass
task_5867,/root/autodl-tmp/data/sft_data/task_5867,346,data/chunk-000/episode_000346.parquet,456,456,158828,159283,0.15209752321243286,36,12,0.06374871730804443,259,13,0.06419849395751953,259,13,48.441344,44,0,0.0,0.2173333317041397,0.2173333317041397,120.0,0.0,0.0,0.0,1.0,"{""observation.images.hand_left"": 456, ""observation.images.hand_right"": 456, ""observation.images.top_head"": 456}",{},,,pass
task_5867,/root/autodl-tmp/data/sft_data/task_5867,347,data/chunk-000/episode_000347.parquet,516,516,159284,159799,0.17247164249420166,427,12,0.07646095752716064,436,12,0.05350172519683838,314,13,48.51328,64,0,0.0,0.2173333317041397,0.2173333317041397,120.0,0.0,0.0,0.0,1.0,"{""observation.images.hand_left"": 516, ""observation.images.hand_right"": 516, ""observation.images.top_head"": 516}",{},,,pass
task_5867,/root/autodl-tmp/data/sft_data/task_5867,348,data/chunk-000/episode_000348.parquet,425,425,159800,160224,0.1764790415763855,46,12,0.06572079658508301,364,12,0.05362379550933838,247,13,40.73344,274,0,0.0,0.2173333317041397,0.2173333317041397,120.0,0.0,0.0,0.0,1.0,"{""observation.images.hand_left"": 425, ""observation.images.hand_right"": 425, ""observation.images.top_head"": 425}",{},,,pass
task_5867,/root/autodl-tmp/data/sft_data/task_5867,349,data/chunk-000/episode_000349.parquet,423,423,160225,160647,0.17211854457855225,353,12,0.07536637783050537,365,12,0.052489638328552246,354,12,46.844928,414,0,0.0,0.2173333317041397,0.0,120.0,0.0,0.0,0.0,1.0,"{""observation.images.hand_left"": 423, ""observation.images.hand_right"": 423, ""observation.images.top_head"": 423}",{},,,pass
task_5867,/root/autodl-tmp/data/sft_data/task_5867,350,data/chunk-000/episode_000350.parquet,450,450,160648,161097,0.19323420524597168,387,12,0.07532477378845215,398,12,0.049051880836486816,388,12,39.152128,235,0,0.0,0.2173333317041397,0.2173333317041397,120.0,0.0,0.0,0.0,1.0,"{""observation.images.hand_left"": 450, ""observation.images.hand_right"": 450, ""observation.images.top_head"": 450}",{},,,pass
task_5867,/root/autodl-tmp/data/sft_data/task_5867,351,data/chunk-000/episode_000351.parquet,420,420,161098,161517,0.19220411777496338,48,12,0.08058857917785645,359,12,0.07332491874694824,269,8,50.760704,113,1,0.0,0.2173333317041397,0.2173333317041397,120.0,0.0,0.0,0.0,1.0,"{""observation.images.hand_left"": 420, ""observation.images.hand_right"": 420, ""observation.images.top_head"": 420}",{},,,pass
task_5867,/root/autodl-tmp/data/sft_data/task_5867,352,data/chunk-000/episode_000352.parquet,448,448,161518,161965,0.1583031415939331,390,12,0.05918526649475098,400,12,0.0510411262512207,289,13,47.60832,75,0,0.0,0.2173333317041397,0.2173333317041397,120.0,0.0,0.0,0.0,1.0,"{""observation.images.hand_left"": 448, ""observation.images.hand_right"": 448, ""observation.images.top_head"": 448}",{},,,pass
task_5867,/root/autodl-tmp/data/sft_data/task_5867,353,data/chunk-000/episode_000353.parquet,447,447,161966,162412,0.15397918224334717,366,12,0.0700066089630127,375,12,0.051128506660461426,265,13,40.500736,413,0,0.0,0.2173333317041397,0.2173333317041397,120.0,0.0,0.0,0.0,1.0,"{""observation.images.hand_left"": 447, ""observation.images.hand_right"": 447, ""observation.images.top_head"": 447}",{},,,pass
task_5867,/root/autodl-tmp/data/sft_data/task_5867,354,data/chunk-000/episode_000354.parquet,476,476,162413,162888,0.15758883953094482,41,12,0.0678941011428833,401,12,0.06049919128417969,281,13,47.130112,289,0,0.0,0.2173333317041397,0.0,120.0,0.0,0.0,0.0,1.0,"{""observation.images.hand_left"": 476, ""observation.images.hand_right"": 476, ""observation.images.top_head"": 476}",{},,,pass
task_5867,/root/autodl-tmp/data/sft_data/task_5867,355,data/chunk-000/episode_000355.parquet,416,416,162889,163304,0.5496835112571716,328,12,0.5051783323287964,328,12,0.38213759660720825,333,12,50.612992,185,1,0.0,0.2173333317041397,0.2173333317041397,120.0,0.0,0.0,0.0,1.0,"{""observation.images.hand_left"": 416, ""observation.images.hand_right"": 416, ""observation.images.top_head"": 416}",{},max_joint_delta=0.549684;max_action_jump=0.505178;max_state_jump=0.382138,,exclude
task_5867,/root/autodl-tmp/data/sft_data/task_5867,356,data/chunk-000/episode_000356.parquet,505,505,163305,163809,0.1631854772567749,391,12,0.07653820514678955,399,12,0.05817830562591553,291,13,38.862336,164,0,0.0,0.2173333317041397,0.0,120.0,0.0,0.0,0.0,1.0,"{""observation.images.hand_left"": 505, ""observation.images.hand_right"": 505, ""observation.images.top_head"": 505}",{},,,pass
task_5867,/root/autodl-tmp/data/sft_data/task_5867,357,data/chunk-000/episode_000357.parquet,415,415,163810,164224,0.15373528003692627,51,12,0.060689568519592285,242,13,0.06854355335235596,244,13,45.29408,414,0,0.0,0.2173333317041397,0.0,120.0,0.0,0.0,0.0,1.0,"{""observation.images.hand_left"": 415, ""observation.images.hand_right"": 415, ""observation.images.top_head"": 415}",{},,,pass
task_5867,/root/autodl-tmp/data/sft_data/task_5867,358,data/chunk-000/episode_000358.parquet,446,446,164225,164670,0.1716785430908203,367,12,0.07004547119140625,376,12,0.051843881607055664,270,13,56.381952,424,4,0.0,0.2173333317041397,0.2173333317041397,120.0,0.0,0.0,0.0,1.0,"{""observation.images.hand_left"": 446, ""observation.images.hand_right"": 446, ""observation.images.top_head"": 446}",{},,,pass
task_5867,/root/autodl-tmp/data/sft_data/task_5867,359,data/chunk-000/episode_000359.parquet,417,417,164671,165087,0.1684017777442932,53,12,0.0676952600479126,369,12,0.06753158569335938,266,13,36.879616,84,0,0.0,0.2173333317041397,0.2173333317041397,120.0,0.0,0.0,0.0,1.0,"{""observation.images.hand_left"": 417, ""observation.images.hand_right"": 417, ""observation.images.top_head"": 417}",{},,,pass
task_5867,/root/autodl-tmp/data/sft_data/task_5867,360,data/chunk-000/episode_000360.parquet,385,385,165088,165472,0.14830416440963745,30,12,0.07048666477203369,315,12,0.056363463401794434,203,13,50.236416,162,1,0.0,0.2173333317041397,0.0,120.0,0.0,0.0,0.0,1.0,"{""observation.images.hand_left"": 385, ""observation.images.hand_right"": 385, ""observation.images.top_head"": 385}",{},,,pass
task_5867,/root/autodl-tmp/data/sft_data/task_5867,361,data/chunk-000/episode_000361.parquet,418,418,165473,165890,0.15867763757705688,43,12,0.06405949592590332,220,13,0.062209248542785645,219,13,43.408384,293,0,0.0,0.2173333317041397,0.2173333317041397,120.0,0.0,0.0,0.0,1.0,"{""observation.images.hand_left"": 418, ""observation.images.hand_right"": 418, ""observation.images.top_head"": 418}",{},,,pass
task_5867,/root/autodl-tmp/data/sft_data/task_5867,362,data/chunk-000/episode_000362.parquet,357,357,165891,166247,0.1549699306488037,27,12,0.057760000228881836,213,13,0.05802130699157715,218,13,48.100352,156,0,0.0,0.2173333317041397,0.0,120.0,0.0,0.0,0.0,1.0,"{""observation.images.hand_left"": 357, ""observation.images.hand_right"": 357, ""observation.images.top_head"": 357}",{},,,pass
task_5867,/root/autodl-tmp/data/sft_data/task_5867,363,data/chunk-000/episode_000363.parquet,418,418,166248,166665,0.16210144758224487,63,12,0.054965853691101074,240,13,0.055491089820861816,52,12,56.626176,52,1,0.0,0.2173333317041397,0.2173333317041397,119.29499816894531,0.0,0.0,0.0,1.0,"{""observation.images.hand_left"": 418, ""observation.images.hand_right"": 418, ""observation.images.top_head"": 418}",{},,,pass
task_5867,/root/autodl-tmp/data/sft_data/task_5867,364,data/chunk-000/episode_000364.parquet,388,388,166666,167053,0.1628367304801941,36,12,0.05921053886413574,207,13,0.05570042133331299,208,13,41.055488,253,0,0.0,0.2173333317041397,0.2173333317041397,120.0,0.0,0.0,0.0,1.0,"{""observation.images.hand_left"": 388, ""observation.images.hand_right"": 388, ""observation.images.top_head"": 388}",{},,,pass
task_5867,/root/autodl-tmp/data/sft_data/task_5867,365,data/chunk-000/episode_000365.parquet,357,357,167054,167410,0.16218996047973633,20,12,0.07066619396209717,189,13,0.06601321697235107,189,13,45.748992,133,0,0.0,0.2173333317041397,0.2173333317041397,120.0,0.0,0.0,0.0,1.0,"{""observation.images.hand_left"": 357, ""observation.images.hand_right"": 357, ""observation.images.top_head"": 357}",{},,,pass
task_5867,/root/autodl-tmp/data/sft_data/task_5867,366,data/chunk-000/episode_000366.parquet,447,447,167411,167857,0.15926051139831543,53,12,0.06668674945831299,261,13,0.05964398384094238,267,13,50.187776,403,1,0.0,0.2173333317041397,0.2173333317041397,120.0,0.0,0.0,0.0,1.0,"{""observation.images.hand_left"": 447, ""observation.images.hand_right"": 447, ""observation.images.top_head"": 447}",{},,,pass
task_5867,/root/autodl-tmp/data/sft_data/task_5867,367,data/chunk-000/episode_000367.parquet,387,387,167858,168244,0.17177140712738037,209,13,0.07127463817596436,214,13,0.07157981395721436,217,13,37.976576,66,0,0.0,0.2173333317041397,0.0,120.0,0.0,0.0,0.0,1.0,"{""observation.images.hand_left"": 387, ""observation.images.hand_right"": 387, ""observation.images.top_head"": 387}",{},,,pass
task_5867,/root/autodl-tmp/data/sft_data/task_5867,368,data/chunk-000/episode_000368.parquet,418,418,168245,168662,0.15751796960830688,28,12,0.06535017490386963,216,13,0.06589114665985107,217,13,46.884864,315,0,0.0,0.2173333317041397,0.0,120.0,0.0,0.0,0.0,1.0,"{""observation.images.hand_left"": 418, ""observation.images.hand_right"": 418, ""observation.images.top_head"": 418}",{},,,pass
task_5867,/root/autodl-tmp/data/sft_data/task_5867,369,data/chunk-000/episode_000369.parquet,418,418,168663,169080,0.15323710441589355,41,12,0.06658375263214111,353,12,0.06524550914764404,248,13,48.402944,304,0,0.0,0.2173333317041397,0.2173333317041397,120.0,0.0,0.0,0.0,1.0,"{""observation.images.hand_left"": 418, ""observation.images.hand_right"": 418, ""observation.images.top_head"": 418}",{},,,pass
task_5867,/root/autodl-tmp/data/sft_data/task_5867,370,data/chunk-000/episode_000370.parquet,418,418,169081,169498,0.16863131523132324,243,13,0.06621837615966797,250,13,0.07014894485473633,253,13,42.535424,66,0,0.0,0.2173333317041397,0.2173333317041397,120.0,0.0,0.0,0.0,1.0,"{""observation.images.hand_left"": 418, ""observation.images.hand_right"": 418, ""observation.images.top_head"": 418}",{},,,pass
task_5867,/root/autodl-tmp/data/sft_data/task_5867,371,data/chunk-000/episode_000371.parquet,417,417,169499,169915,0.16315758228302002,313,12,0.07228899002075195,321,12,0.06377971172332764,217,13,49.774336,314,0,0.0,0.2173333317041397,0.2173333317041397,120.0,0.0,0.0,0.0,1.0,"{""observation.images.hand_left"": 417, ""observation.images.hand_right"": 417, ""observation.images.top_head"": 417}",{},,,pass
task_5867,/root/autodl-tmp/data/sft_data/task_5867,372,data/chunk-000/episode_000372.parquet,388,388,169916,170303,0.17448043823242188,316,12,0.07850849628448486,327,12,0.07667529582977295,224,13,53.117184,197,2,0.0,0.2173333317041397,0.2173333317041397,120.0,0.0,0.0,0.0,1.0,"{""observation.images.hand_left"": 388, ""observation.images.hand_right"": 388, ""observation.images.top_head"": 388}",{},,,pass
task_5867,/root/autodl-tmp/data/sft_data/task_5867,373,data/chunk-000/episode_000373.parquet,359,359,170304,170662,0.16904664039611816,287,12,0.07870113849639893,299,12,0.059888362884521484,197,13,49.199616,267,0,0.0,0.2173333317041397,0.2173333317041397,120.0,0.0,0.0,0.0,1.0,"{""observation.images.hand_left"": 359, ""observation.images.hand_right"": 359, ""observation.images.top_head"": 359}",{},,,pass
task_5867,/root/autodl-tmp/data/sft_data/task_5867,374,data/chunk-000/episode_000374.parquet,359,359,170663,171021,0.17220503091812134,29,12,0.07483410835266113,296,12,0.051809072494506836,187,13,43.986688,162,0,0.0,0.2173333317041397,0.2173333317041397,120.0,0.0,0.0,0.0,1.0,"{""observation.images.hand_left"": 359, ""observation.images.hand_right"": 359, ""observation.images.top_head"": 359}",{},,,pass
task_5867,/root/autodl-tmp/data/sft_data/task_5867,375,data/chunk-000/episode_000375.parquet,420,420,171022,171441,0.1631373167037964,48,12,0.0597531795501709,354,12,0.05379831790924072,246,13,41.43104,410,0,0.0,0.2173333317041397,0.0,120.0,0.0,0.0,0.0,1.0,"{""observation.images.hand_left"": 420, ""observation.images.hand_right"": 420, ""observation.images.top_head"": 420}",{},,,pass
task_5867,/root/autodl-tmp/data/sft_data/task_5867,376,data/chunk-000/episode_000376.parquet,419,419,171442,171860,0.14197731018066406,341,12,0.07076060771942139,348,12,0.04666125774383545,240,13,49.856512,158,0,0.0,0.2173333317041397,0.0,120.0,0.0,0.0,0.0,1.0,"{""observation.images.hand_left"": 419, ""observation.images.hand_right"": 419, ""observation.images.top_head"": 419}",{},,,pass
task_5867,/root/autodl-tmp/data/sft_data/task_5867,377,data/chunk-000/episode_000377.parquet,390,390,171861,172250,0.18007421493530273,318,12,0.07544493675231934,327,12,0.06163334846496582,231,13,56.022016,33,1,0.0,0.2173333317041397,0.2173333317041397,120.0,0.0,0.0,0.0,1.0,"{""observation.images.hand_left"": 390, ""observation.images.hand_right"": 390, ""observation.images.top_head"": 390}",{},,,pass
task_5867,/root/autodl-tmp/data/sft_data/task_5867,378,data/chunk-000/episode_000378.parquet,419,419,172251,172669,0.1665974259376526,45,12,0.06327468156814575,346,8,0.05611920356750488,241,13,40.465408,376,0,0.0,0.2173333317041397,0.0,120.0,0.0,0.0,0.0,1.0,"{""observation.images.hand_left"": 419, ""observation.images.hand_right"": 419, ""observation.images.top_head"": 419}",{},,,pass
task_5867,/root/autodl-tmp/data/sft_data/task_5867,379,data/chunk-000/episode_000379.parquet,418,418,172670,173087,0.16196799278259277,82,12,0.08045530319213867,264,13,0.0747908353805542,264,13,50.450176,22,1,0.0,0.2173333317041397,0.0,120.0,0.0,0.0,0.0,1.0,"{""observation.images.hand_left"": 418, ""observation.images.hand_right"": 418, ""observation.images.top_head"": 418}",{},,,pass
task_5867,/root/autodl-tmp/data/sft_data/task_5867,380,data/chunk-000/episode_000380.parquet,389,389,173088,173476,0.15646541118621826,330,12,0.06169021129608154,342,12,0.05393803119659424,231,13,53.510912,277,1,0.0,0.2173333317041397,0.2173333317041397,120.0,0.0,0.0,0.0,1.0,"{""observation.images.hand_left"": 389, ""observation.images.hand_right"": 389, ""observation.images.top_head"": 389}",{},,,pass
task_5867,/root/autodl-tmp/data/sft_data/task_5867,381,data/chunk-000/episode_000381.parquet,420,420,173477,173896,0.16995298862457275,51,12,0.06669247150421143,247,13,0.0647742748260498,253,13,50.172416,55,1,0.0,0.2173333317041397,0.0,120.0,0.0,0.0,0.0,1.0,"{""observation.images.hand_left"": 420, ""observation.images.hand_right"": 420, ""observation.images.top_head"": 420}",{},,,pass
task_5867,/root/autodl-tmp/data/sft_data/task_5867,382,data/chunk-000/episode_000382.parquet,419,419,173897,174315,0.16114890575408936,351,12,0.0778207778930664,359,12,0.05669510364532471,252,13,42.72256,309,0,0.0,0.2173333317041397,0.0,120.0,0.0,0.0,0.0,1.0,"{""observation.images.hand_left"": 419, ""observation.images.hand_right"": 419, ""observation.images.top_head"": 419}",{},,,pass
task_5867,/root/autodl-tmp/data/sft_data/task_5867,383,data/chunk-000/episode_000383.parquet,449,449,174316,174764,0.1697450876235962,338,12,0.08516037464141846,347,12,0.05859696865081787,251,13,48.882176,74,0,0.0,0.2173333317041397,0.2173333317041397,120.0,0.0,0.0,0.0,1.0,"{""observation.images.hand_left"": 449, ""observation.images.hand_right"": 449, ""observation.images.top_head"": 449}",{},,,pass
task_5867,/root/autodl-tmp/data/sft_data/task_5867,384,data/chunk-000/episode_000384.parquet,420,420,174765,175184,0.1696377992630005,345,12,0.06446516513824463,356,12,0.06889259815216064,253,13,48.10624,305,0,0.0,0.2173333317041397,0.2173333317041397,120.0,0.0,0.0,0.0,1.0,"{""observation.images.hand_left"": 420, ""observation.images.hand_right"": 420, ""observation.images.top_head"": 420}",{},,,pass
task_5867,/root/autodl-tmp/data/sft_data/task_5867,385,data/chunk-000/episode_000385.parquet,419,419,175185,175603,0.14346301555633545,350,12,0.05643582344055176,363,8,0.05149495601654053,256,13,44.908032,308,0,0.0,0.2173333317041397,0.0,120.0,0.0,0.0,0.0,1.0,"{""observation.images.hand_left"": 419, ""observation.images.hand_right"": 419, ""observation.images.top_head"": 419}",{},,,pass
task_5867,/root/autodl-tmp/data/sft_data/task_5867,386,data/chunk-000/episode_000386.parquet,392,392,175604,175995,0.17602252960205078,320,12,0.0871502161026001,327,12,0.05625879764556885,225,13,49.4784,136,0,0.0,0.2173333317041397,0.2173333317041397,120.0,0.0,0.0,0.0,1.0,"{""observation.images.hand_left"": 392, ""observation.images.hand_right"": 392, ""observation.images.top_head"": 392}",{},,,pass
task_5867,/root/autodl-tmp/data/sft_data/task_5867,387,data/chunk-000/episode_000387.parquet,359,359,175996,176354,0.16609644889831543,303,12,0.06378620862960815,316,8,0.05810856819152832,215,13,49.533952,124,0,0.0,0.2173333317041397,0.0,120.0,0.0,0.0,0.0,1.0,"{""observation.images.hand_left"": 359, ""observation.images.hand_right"": 359, ""observation.images.top_head"": 359}",{},,,pass
task_5867,/root/autodl-tmp/data/sft_data/task_5867,388,data/chunk-000/episode_000388.parquet,420,420,176355,176774,0.16022133827209473,350,12,0.07578766345977783,361,12,0.04892992973327637,260,13,43.4048,394,0,0.0,0.2173333317041397,0.2173333317041397,120.0,0.0,0.0,0.0,1.0,"{""observation.images.hand_left"": 420, ""observation.images.hand_right"": 420, ""observation.images.top_head"": 420}",{},,,pass
task_5867,/root/autodl-tmp/data/sft_data/task_5867,389,data/chunk-000/episode_000389.parquet,419,419,176775,177193,0.16712689399719238,357,12,0.07770776748657227,368,12,0.06151127815246582,256,13,46.599424,81,0,0.0,0.2173333317041397,0.2173333317041397,120.0,0.0,0.0,0.0,1.0,"{""observation.images.hand_left"": 419, ""observation.images.hand_right"": 419, ""observation.images.top_head"": 419}",{},,,pass
task_5867,/root/autodl-tmp/data/sft_data/task_5867,390,data/chunk-000/episode_000390.parquet,445,445,177194,177638,0.13944792747497559,360,12,0.052626967430114746,245,13,0.08159619569778442,365,12,49.9712,364,0,0.0,0.2173333317041397,0.2173333317041397,120.0,0.0,0.0,0.0,1.0,"{""observation.images.hand_left"": 445, ""observation.images.hand_right"": 445, ""observation.images.top_head"": 445}",{},,,pass
task_5867,/root/autodl-tmp/data/sft_data/task_5867,391,data/chunk-000/episode_000391.parquet,353,353,177639,177991,0.14585638046264648,61,12,0.06308501958847046,314,8,0.051407575607299805,212,13,44.926464,351,0,0.0,0.2173333317041397,0.2173333317041397,120.0,0.0,0.0,0.0,1.0,"{""observation.images.hand_left"": 353, ""observation.images.hand_right"": 353, ""observation.images.top_head"": 353}",{},,,pass
task_5867,/root/autodl-tmp/data/sft_data/task_5867,392,data/chunk-000/episode_000392.parquet,384,384,177992,178375,0.1498626470565796,30,12,0.058902859687805176,328,12,0.044881582260131836,19,12,49.174784,95,0,0.0,0.2173333317041397,0.2173333317041397,120.0,0.0,0.0,0.0,1.0,"{""observation.images.hand_left"": 384, ""observation.images.hand_right"": 384, ""observation.images.top_head"": 384}",{},,,pass
task_5867,/root/autodl-tmp/data/sft_data/task_5867,393,data/chunk-000/episode_000393.parquet,414,414,178376,178789,0.18806177377700806,340,12,0.07542943954467773,350,12,0.05210578441619873,232,13,41.554944,64,0,0.0,0.2173333317041397,0.2173333317041397,120.0,0.0,0.0,0.0,1.0,"{""observation.images.hand_left"": 414, ""observation.images.hand_right"": 414, ""observation.images.top_head"": 414}",{},,,pass
task_5867,/root/autodl-tmp/data/sft_data/task_5867,394,data/chunk-000/episode_000394.parquet,445,445,178790,179234,0.18958884477615356,374,12,0.07824647426605225,382,12,0.059888362884521484,375,12,46.860544,375,0,0.0,0.2173333317041397,0.2173333317041397,120.0,0.0,0.0,0.0,1.0,"{""observation.images.hand_left"": 445, ""observation.images.hand_right"": 445, ""observation.images.top_head"": 445}",{},,,pass
task_5867,/root/autodl-tmp/data/sft_data/task_5867,395,data/chunk-000/episode_000395.parquet,444,444,179235,179678,0.21529006958007812,369,12,0.07763427495956421,366,12,0.05938243865966797,256,13,46.612736,3,0,0.0,0.2173333317041397,0.2173333317041397,120.0,0.0,0.0,0.0,1.0,"{""observation.images.hand_left"": 444, ""observation.images.hand_right"": 444, ""observation.images.top_head"": 444}",{},,,pass
task_5867,/root/autodl-tmp/data/sft_data/task_5867,396,data/chunk-000/episode_000396.parquet,385,385,179679,180063,0.20911556482315063,330,12,0.088706374168396,341,12,0.0727839469909668,328,12,52.4288,137,1,0.0,0.2173333317041397,0.2173333317041397,120.0,0.0,0.0,0.0,1.0,"{""observation.images.hand_left"": 385, ""observation.images.hand_right"": 385, ""observation.images.top_head"": 385}",{},,,pass
task_5867,/root/autodl-tmp/data/sft_data/task_5867,397,data/chunk-000/episode_000397.parquet,408,408,180064,180471,0.21033507585525513,350,12,0.070046067237854,364,12,0.054862797260284424,352,12,48.608256,308,0,0.0,0.2173333317041397,0.2173333317041397,120.0,0.0,0.0,0.0,1.0,"{""observation.images.hand_left"": 408, ""observation.images.hand_right"": 408, ""observation.images.top_head"": 408}",{},,,pass
task_5867,/root/autodl-tmp/data/sft_data/task_5867,398,data/chunk-000/episode_000398.parquet,350,350,180472,180821,0.23333799839019775,306,12,0.08993750810623169,303,12,0.062470972537994385,307,12,38.571008,334,0,0.0,0.2173333317041397,0.2173333317041397,120.0,0.0,0.0,0.0,1.0,"{""observation.images.hand_left"": 350, ""observation.images.hand_right"": 350, ""observation.images.top_head"": 350}",{},,,pass
task_5867,/root/autodl-tmp/data/sft_data/task_5867,399,data/chunk-000/episode_000399.parquet,410,410,180822,181231,0.18915921449661255,361,12,0.09009444713592529,371,12,0.05833542346954346,251,13,53.553152,183,1,0.0,0.2173333317041397,0.2173333317041397,120.0,0.0,0.0,0.0,1.0,"{""observation.images.hand_left"": 410, ""observation.images.hand_right"": 410, ""observation.images.top_head"": 410}",{},,,pass
task_5867,/root/autodl-tmp/data/sft_data/task_5867,400,data/chunk-000/episode_000400.parquet,438,438,181232,181669,0.20653384923934937,380,12,0.09180736541748047,392,12,0.05353659391403198,379,12,45.8624,335,0,0.0,0.2173333317041397,0.2173333317041397,120.0,0.0,0.0,0.0,1.0,"{""observation.images.hand_left"": 438, ""observation.images.hand_right"": 438, ""observation.images.top_head"": 438}",{},,,pass
task_5867,/root/autodl-tmp/data/sft_data/task_5867,401,data/chunk-000/episode_000401.parquet,437,437,181670,182106,0.15965396165847778,32,12,0.07366323471069336,370,12,0.0446544885635376,248,13,41.156608,414,0,0.0,0.2173333317041397,0.2173333317041397,120.0,0.0,0.0,0.0,1.0,"{""observation.images.hand_left"": 437, ""observation.images.hand_right"": 437, ""observation.images.top_head"": 437}",{},,,pass
task_5867,/root/autodl-tmp/data/sft_data/task_5867,402,data/chunk-000/episode_000402.parquet,409,409,182107,182515,0.1627848744392395,22,12,0.06479215621948242,356,12,0.061092376708984375,234,13,45.186816,125,0,0.0,0.2173333317041397,0.2173333317041397,120.0,0.0,0.0,0.0,1.0,"{""observation.images.hand_left"": 409, ""observation.images.hand_right"": 409, ""observation.images.top_head"": 409}",{},,,pass
task_5867,/root/autodl-tmp/data/sft_data/task_5867,403,data/chunk-000/episode_000403.parquet,397,397,182516,182912,0.14059722423553467,47,12,0.05422401428222656,353,12,0.05882394313812256,238,13,45.195776,372,0,0.0,0.2173333317041397,0.2173333317041397,120.0,0.0,0.0,0.0,1.0,"{""observation.images.hand_left"": 397, ""observation.images.hand_right"": 397, ""observation.images.top_head"": 397}",{},,,pass
task_5867,/root/autodl-tmp/data/sft_data/task_5867,404,data/chunk-000/episode_000404.parquet,424,424,182913,183336,0.14911216497421265,361,12,0.0668107271194458,368,12,0.05025589466094971,263,13,49.304832,83,0,0.0,0.2173333317041397,0.2173333317041397,120.0,0.0,0.0,0.0,1.0,"{""observation.images.hand_left"": 424, ""observation.images.hand_right"": 424, ""observation.images.top_head"": 424}",{},,,pass
task_5867,/root/autodl-tmp/data/sft_data/task_5867,405,data/chunk-000/episode_000405.parquet,368,368,183337,183704,0.1757519245147705,31,12,0.07674884796142578,300,12,0.04521292448043823,30,12,50.83648,16,1,0.0,0.2173333317041397,0.2173333317041397,120.0,0.0,0.0,0.0,1.0,"{""observation.images.hand_left"": 368, ""observation.images.hand_right"": 368, ""observation.images.top_head"": 368}",{},,,pass
task_5867,/root/autodl-tmp/data/sft_data/task_5867,406,data/chunk-000/episode_000406.parquet,409,409,183705,184113,0.16496598720550537,341,12,0.06373918056488037,345,12,0.05981862545013428,231,13,50.933248,113,1,0.0,0.2173333317041397,0.2173333317041397,120.0,0.0,0.0,0.0,1.0,"{""observation.images.hand_left"": 409, ""observation.images.hand_right"": 409, ""observation.images.top_head"": 409}",{},,,pass
task_5867,/root/autodl-tmp/data/sft_data/task_5867,407,data/chunk-000/episode_000407.parquet,406,406,184114,184519,0.15120816230773926,54,12,0.06180012226104736,360,12,0.05039560794830322,256,13,43.646208,172,0,0.0,0.2173333317041397,0.2173333317041397,120.0,0.0,0.0,0.0,1.0,"{""observation.images.hand_left"": 406, ""observation.images.hand_right"": 406, ""observation.images.top_head"": 406}",{},,,pass
task_5867,/root/autodl-tmp/data/sft_data/task_5867,408,data/chunk-000/episode_000408.parquet,393,393,184520,184912,0.17500925064086914,318,12,0.06553328037261963,329,12,0.05381584167480469,218,13,46.71744,196,0,0.0,0.2173333317041397,0.2173333317041397,120.0,0.0,0.0,0.0,1.0,"{""observation.images.hand_left"": 393, ""observation.images.hand_right"": 393, ""observation.images.top_head"": 393}",{},,,pass
task_5867,/root/autodl-tmp/data/sft_data/task_5867,409,data/chunk-000/episode_000409.parquet,403,403,184913,185315,0.16597086191177368,43,12,0.07566165924072266,213,13,0.07922303676605225,213,13,55.082496,391,3,0.0,0.2173333317041397,0.2173333317041397,120.0,0.0,0.0,0.0,1.0,"{""observation.images.hand_left"": 403, ""observation.images.hand_right"": 403, ""observation.images.top_head"": 403}",{},,,pass
task_5867,/root/autodl-tmp/data/sft_data/task_5867,410,data/chunk-000/episode_000410.parquet,395,395,185316,185710,0.1538943648338318,345,12,0.08120894432067871,343,12,0.06210458278656006,260,13,53.398272,223,6,0.0,0.2173333317041397,0.2173333317041397,120.0,0.0,0.0,0.0,1.0,"{""observation.images.hand_left"": 395, ""observation.images.hand_right"": 395, ""observation.images.top_head"": 395}",{},,,pass
task_5867,/root/autodl-tmp/data/sft_data/task_5867,411,data/chunk-000/episode_000411.parquet,440,440,185711,186150,0.18122762441635132,332,12,0.09576714038848877,342,12,0.05823051929473877,229,13,47.724288,95,0,0.0,0.2173333317041397,0.0,120.0,0.0,0.0,0.0,1.0,"{""observation.images.hand_left"": 440, ""observation.images.hand_right"": 440, ""observation.images.top_head"": 440}",{},,,pass
task_5867,/root/autodl-tmp/data/sft_data/task_5867,412,data/chunk-000/episode_000412.parquet,417,417,186151,186567,0.1587299108505249,352,12,0.0845710039138794,360,12,0.061964988708496094,247,13,41.9456,415,0,0.0,0.2173333317041397,0.2173333317041397,120.0,0.0,0.0,0.0,1.0,"{""observation.images.hand_left"": 417, ""observation.images.hand_right"": 417, ""observation.images.top_head"": 417}",{},,,pass
task_5867,/root/autodl-tmp/data/sft_data/task_5867,413,data/chunk-000/episode_000413.parquet,398,398,186568,186965,0.16218900680541992,345,12,0.07069003582000732,350,12,0.07025372982025146,239,13,40.964352,53,0,0.0,0.2173333317041397,0.2173333317041397,120.0,0.0,0.0,0.0,1.0,"{""observation.images.hand_left"": 398, ""observation.images.hand_right"": 398, ""observation.images.top_head"": 398}",{},,,pass
task_5867,/root/autodl-tmp/data/sft_data/task_5867,414,data/chunk-000/episode_000414.parquet,499,499,186966,187464,0.17611151933670044,413,12,0.08316808938980103,423,12,0.053746044635772705,410,12,49.385728,373,0,0.0,0.2173333317041397,0.2173333317041397,120.0,0.0,0.0,0.0,1.0,"{""observation.images.hand_left"": 499, ""observation.images.hand_right"": 499, ""observation.images.top_head"": 499}",{},,,pass
task_5867,/root/autodl-tmp/data/sft_data/task_5867,415,data/chunk-000/episode_000415.parquet,518,518,187465,187982,0.16740727424621582,432,12,0.07313835620880127,440,12,0.0635179877281189,282,13,53.819136,394,4,0.0,0.2173333317041397,0.2173333317041397,120.0,0.0,0.0,0.0,1.0,"{""observation.images.hand_left"": 518, ""observation.images.hand_right"": 518, ""observation.images.top_head"": 518}",{},,,pass
task_5867,/root/autodl-tmp/data/sft_data/task_5867,416,data/chunk-000/episode_000416.parquet,576,576,187983,188558,0.1620168685913086,457,12,0.08036792278289795,466,12,0.04685330390930176,308,13,48.501504,214,0,0.0,0.2173333317041397,0.0,120.0,0.0,0.0,0.0,1.0,"{""observation.images.hand_left"": 576, ""observation.images.hand_right"": 576, ""observation.images.top_head"": 576}",{},,,pass
task_5867,/root/autodl-tmp/data/sft_data/task_5867,417,data/chunk-000/episode_000417.parquet,529,529,188559,189087,0.1503138542175293,450,12,0.06417155265808105,462,12,0.060813188552856445,319,13,45.826816,505,0,0.0,0.2173333317041397,0.2173333317041397,120.0,0.0,0.0,0.0,1.0,"{""observation.images.hand_left"": 529, ""observation.images.hand_right"": 529, ""observation.images.top_head"": 529}",{},,,pass
task_5867,/root/autodl-tmp/data/sft_data/task_5867,418,data/chunk-000/episode_000418.parquet,551,551,189088,189638,0.16197502613067627,464,12,0.06929934024810791,475,12,0.05554330348968506,323,13,52.991488,252,3,0.0,0.2173333317041397,0.2173333317041397,120.0,0.0,0.0,0.0,1.0,"{""observation.images.hand_left"": 551, ""observation.images.hand_right"": 551, ""observation.images.top_head"": 551}",{},,,pass
task_5867,/root/autodl-tmp/data/sft_data/task_5867,419,data/chunk-000/episode_000419.parquet,557,557,189639,190195,0.16334426403045654,457,12,0.0641753077507019,456,12,0.054321885108947754,315,13,39.270656,325,0,0.0,0.2173333317041397,0.0,120.0,0.0,0.0,0.0,1.0,"{""observation.images.hand_left"": 557, ""observation.images.hand_right"": 557, ""observation.images.top_head"": 557}",{},,,pass
task_5867,/root/autodl-tmp/data/sft_data/task_5867,420,data/chunk-000/episode_000420.parquet,553,553,190196,190748,0.1693669557571411,462,12,0.06847238540649414,474,12,0.06252336502075195,336,13,53.12384,534,3,0.0,0.2173333317041397,0.0,120.0,0.0,0.0,0.0,1.0,"{""observation.images.hand_left"": 553, ""observation.images.hand_right"": 553, ""observation.images.top_head"": 553}",{},,,pass
task_5867,/root/autodl-tmp/data/sft_data/task_5867,421,data/chunk-000/episode_000421.parquet,520,520,190749,191268,0.14941322803497314,432,12,0.05919075012207031,303,13,0.0622791051864624,307,13,47.064576,131,0,0.0,0.2173333317041397,0.2173333317041397,120.0,0.0,0.0,0.0,1.0,"{""observation.images.hand_left"": 520, ""observation.images.hand_right"": 520, ""observation.images.top_head"": 520}",{},,,pass
task_5867,/root/autodl-tmp/data/sft_data/task_5867,422,data/chunk-000/episode_000422.parquet,465,465,191269,191733,0.14140605926513672,401,12,0.07472896575927734,283,13,0.0852433443069458,285,13,44.591616,394,0,0.0,0.2173333317041397,0.2173333317041397,120.0,0.0,0.0,0.0,1.0,"{""observation.images.hand_left"": 465, ""observation.images.hand_right"": 465, ""observation.images.top_head"": 465}",{},,,pass
task_5867,/root/autodl-tmp/data/sft_data/task_5867,423,data/chunk-000/episode_000423.parquet,525,525,191734,192258,0.15977835655212402,432,12,0.05649447441101074,429,12,0.05386817455291748,303,13,54.38848,97,2,0.0,0.2173333317041397,0.2173333317041397,120.0,0.0,0.0,0.0,1.0,"{""observation.images.hand_left"": 525, ""observation.images.hand_right"": 525, ""observation.images.top_head"": 525}",{},,,pass
task_5867,/root/autodl-tmp/data/sft_data/task_5867,424,data/chunk-000/episode_000424.parquet,490,490,192259,192748,0.18591690063476562,410,12,0.07298469543457031,407,12,0.057864248752593994,407,12,42.456064,453,0,0.0,0.2173333317041397,0.2173333317041397,120.0,0.0,0.0,0.0,1.0,"{""observation.images.hand_left"": 490, ""observation.images.hand_right"": 490, ""observation.images.top_head"": 490}",{},,,pass
task_5867,/root/autodl-tmp/data/sft_data/task_5867,425,data/chunk-000/episode_000425.parquet,460,460,192749,193208,0.16701841354370117,377,12,0.0820690393447876,386,12,0.06398904323577881,272,13,50.180096,364,1,0.0,0.2173333317041397,0.2173333317041397,120.0,0.0,0.0,0.0,1.0,"{""observation.images.hand_left"": 460, ""observation.images.hand_right"": 460, ""observation.images.top_head"": 460}",{},,,pass
task_5867,/root/autodl-tmp/data/sft_data/task_5867,426,data/chunk-000/episode_000426.parquet,489,489,193209,193697,0.15759515762329102,392,12,0.06412780284881592,278,13,0.05454862117767334,290,13,39.370752,271,0,0.0,0.2173333317041397,0.0,120.0,0.0,0.0,0.0,1.0,"{""observation.images.hand_left"": 489, ""observation.images.hand_right"": 489, ""observation.images.top_head"": 489}",{},,,pass
task_5867,/root/autodl-tmp/data/sft_data/task_5867,427,data/chunk-000/episode_000427.parquet,430,430,193698,194127,0.16171783208847046,335,12,0.07531023025512695,346,12,0.06407630443572998,240,13,45.363456,374,0,0.0,0.2173333317041397,0.2173333317041397,120.0,0.0,0.0,0.0,1.0,"{""observation.images.hand_left"": 430, ""observation.images.hand_right"": 430, ""observation.images.top_head"": 430}",{},,,pass
task_5867,/root/autodl-tmp/data/sft_data/task_5867,428,data/chunk-000/episode_000428.parquet,460,460,194128,194587,0.1447054147720337,324,12,0.08085215091705322,221,13,0.09217095375061035,221,13,50.293248,23,2,0.0,0.2173333317041397,0.0,120.0,0.0,0.0,0.0,1.0,"{""observation.images.hand_left"": 460, ""observation.images.hand_right"": 460, ""observation.images.top_head"": 460}",{},,,pass
task_5867,/root/autodl-tmp/data/sft_data/task_5867,429,data/chunk-000/episode_000429.parquet,490,490,194588,195077,0.169389545917511,386,12,0.0705496072769165,397,12,0.05667763948440552,263,13,48.86528,364,0,0.0,0.2173333317041397,0.0,120.0,0.0,0.0,0.0,1.0,"{""observation.images.hand_left"": 490, ""observation.images.hand_right"": 490, ""observation.images.top_head"": 490}",{},,,pass
task_5867,/root/autodl-tmp/data/sft_data/task_5867,430,data/chunk-000/episode_000430.parquet,407,407,195078,195484,0.17039483785629272,31,12,0.07088512182235718,24,12,0.06247103214263916,24,12,58.491904,24,1,0.0,0.2173333317041397,0.0,120.0,0.0,0.0,0.0,1.0,"{""observation.images.hand_left"": 407, ""observation.images.hand_right"": 407, ""observation.images.top_head"": 407}",{},,,pass
task_5867,/root/autodl-tmp/data/sft_data/task_5867,431,data/chunk-000/episode_000431.parquet,376,376,195485,195860,0.18323969841003418,302,12,0.08912259340286255,310,12,0.06414616107940674,300,12,43.311872,194,0,0.0,0.2173333317041397,0.2173333317041397,120.0,0.0,0.0,0.0,1.0,"{""observation.images.hand_left"": 376, ""observation.images.hand_right"": 376, ""observation.images.top_head"": 376}",{},,,pass
task_5867,/root/autodl-tmp/data/sft_data/task_5867,432,data/chunk-000/episode_000432.parquet,434,434,195861,196294,0.1554357409477234,28,12,0.06793344020843506,324,12,0.05207085609436035,225,13,53.470208,365,3,0.0,0.2173333317041397,0.0,120.0,0.0,0.0,0.0,1.0,"{""observation.images.hand_left"": 434, ""observation.images.hand_right"": 434, ""observation.images.top_head"": 434}",{},,,pass
task_5867,/root/autodl-tmp/data/sft_data/task_5867,433,data/chunk-000/episode_000433.parquet,370,370,196295,196664,0.1648309826850891,31,12,0.07343614101409912,310,12,0.05077946186065674,198,13,41.06752,363,0,0.0,0.2173333317041397,0.2173333317041397,120.0,0.0,0.0,0.0,1.0,"{""observation.images.hand_left"": 370, ""observation.images.hand_right"": 370, ""observation.images.top_head"": 370}",{},,,pass
task_5867,/root/autodl-tmp/data/sft_data/task_5867,434,data/chunk-000/episode_000434.parquet,371,371,196665,197035,0.16687190532684326,301,12,0.07167363166809082,312,12,0.05514204502105713,213,13,50.412288,225,1,0.0,0.2173333317041397,0.2173333317041397,120.0,0.0,0.0,0.0,1.0,"{""observation.images.hand_left"": 371, ""observation.images.hand_right"": 371, ""observation.images.top_head"": 371}",{},,,pass
task_5867,/root/autodl-tmp/data/sft_data/task_5867,435,data/chunk-000/episode_000435.parquet,401,401,197036,197436,0.1917319893836975,332,12,0.07571697235107422,345,12,0.05601447820663452,333,12,54.017792,184,1,0.0,0.2173333317041397,0.2173333317041397,120.0,0.0,0.0,0.0,1.0,"{""observation.images.hand_left"": 401, ""observation.images.hand_right"": 401, ""observation.images.top_head"": 401}",{},,,pass
task_5867,/root/autodl-tmp/data/sft_data/task_5867,436,data/chunk-000/episode_000436.parquet,373,373,197437,197809,0.2212046980857849,314,12,0.08219468593597412,329,12,0.059364914894104004,311,12,37.3056,52,0,0.0,0.2173333317041397,0.2173333317041397,120.0,0.0,0.0,0.0,1.0,"{""observation.images.hand_left"": 373, ""observation.images.hand_right"": 373, ""observation.images.top_head"": 373}",{},,,pass
task_5867,/root/autodl-tmp/data/sft_data/task_5867,437,data/chunk-000/episode_000437.parquet,404,404,197810,198213,0.1511937379837036,23,12,0.05643582344055176,204,11,0.047725796699523926,210,13,46.178816,301,0,0.0,0.2173333317041397,0.2173333317041397,120.0,0.0,0.0,0.0,1.0,"{""observation.images.hand_left"": 404, ""observation.images.hand_right"": 404, ""observation.images.top_head"": 404}",{},,,pass
task_5867,/root/autodl-tmp/data/sft_data/task_5867,438,data/chunk-000/episode_000438.parquet,382,382,198214,198595,0.1570006012916565,16,12,0.055151939392089844,319,12,0.04694056510925293,202,13,57.791744,246,2,0.0,0.2173333317041397,0.2173333317041397,120.0,0.0,0.0,0.0,1.0,"{""observation.images.hand_left"": 382, ""observation.images.hand_right"": 382, ""observation.images.top_head"": 382}",{},,,pass
task_5867,/root/autodl-tmp/data/sft_data/task_5867,439,data/chunk-000/episode_000439.parquet,435,435,198596,199030,0.172751784324646,340,12,0.07384765148162842,352,12,0.04976743459701538,341,12,42.601984,342,0,0.0,0.2173333317041397,0.2173333317041397,120.0,0.0,0.0,0.0,1.0,"{""observation.images.hand_left"": 435, ""observation.images.hand_right"": 435, ""observation.images.top_head"": 435}",{},,,pass
task_5867,/root/autodl-tmp/data/sft_data/task_5867,440,data/chunk-000/episode_000440.parquet,344,344,199031,199374,0.15702331066131592,22,12,0.05366778373718262,182,13,0.06170320510864258,180,13,50.871808,154,1,0.0,0.2173333317041397,0.2173333317041397,120.0,0.0,0.0,0.0,1.0,"{""observation.images.hand_left"": 344, ""observation.images.hand_right"": 344, ""observation.images.top_head"": 344}",{},,,pass
task_5867,/root/autodl-tmp/data/sft_data/task_5867,441,data/chunk-000/episode_000441.parquet,434,434,199375,199808,0.17978715896606445,84,12,0.06508946418762207,379,12,0.04676598310470581,368,12,36.861184,106,0,0.0,0.2173333317041397,0.2173333317041397,120.0,0.0,0.0,0.0,1.0,"{""observation.images.hand_left"": 434, ""observation.images.hand_right"": 434, ""observation.images.top_head"": 434}",{},,,pass
task_5867,/root/autodl-tmp/data/sft_data/task_5867,442,data/chunk-000/episode_000442.parquet,406,406,199809,200214,0.17718708515167236,333,12,0.07505309581756592,343,12,0.049104273319244385,329,12,40.156416,152,0,0.0,0.2173333317041397,0.2173333317041397,120.0,0.0,0.0,0.0,1.0,"{""observation.images.hand_left"": 406, ""observation.images.hand_right"": 406, ""observation.images.top_head"": 406}",{},,,pass
task_5867,/root/autodl-tmp/data/sft_data/task_5867,443,data/chunk-000/episode_000443.parquet,404,404,200215,200618,0.17485260963439941,27,12,0.07584476470947266,332,12,0.05329239368438721,224,13,58.532608,224,4,0.0,0.2173333317041397,0.2173333317041397,120.0,0.0,0.0,0.0,1.0,"{""observation.images.hand_left"": 404, ""observation.images.hand_right"": 404, ""observation.images.top_head"": 404}",{},,,pass
task_5867,/root/autodl-tmp/data/sft_data/task_5867,444,data/chunk-000/episode_000444.parquet,404,404,200619,201022,0.14742636680603027,323,12,0.07594764232635498,331,12,0.04737675189971924,226,13,38.0096,125,0,0.0,0.2173333317041397,0.2173333317041397,120.0,0.0,0.0,0.0,1.0,"{""observation.images.hand_left"": 404, ""observation.images.hand_right"": 404, ""observation.images.top_head"": 404}",{},,,pass
task_5867,/root/autodl-tmp/data/sft_data/task_5867,445,data/chunk-000/episode_000445.parquet,402,402,201023,201424,0.1514955759048462,318,12,0.0682070255279541,328,12,0.07156264781951904,228,13,51.493632,374,2,0.0,0.2173333317041397,0.2173333317041397,120.0,0.0,0.0,0.0,1.0,"{""observation.images.hand_left"": 402, ""observation.images.hand_right"": 402, ""observation.images.top_head"": 402}",{},,,pass
task_5867,/root/autodl-tmp/data/sft_data/task_5867,446,data/chunk-000/episode_000446.parquet,406,406,201425,201830,0.1615217924118042,319,12,0.06704938411712646,328,12,0.04681837558746338,223,11,46.966784,59,0,0.0,0.2173333317041397,0.2173333317041397,120.0,0.0,0.0,0.0,1.0,"{""observation.images.hand_left"": 406, ""observation.images.hand_right"": 406, ""observation.images.top_head"": 406}",{},,,pass
task_5867,/root/autodl-tmp/data/sft_data/task_5867,447,data/chunk-000/episode_000447.parquet,405,405,201831,202235,0.16420507431030273,324,12,0.06306004524230957,335,12,0.047359347343444824,228,13,63.941632,363,1,0.0,0.2173333317041397,0.2173333317041397,120.0,0.0,0.0,0.0,1.0,"{""observation.images.hand_left"": 405, ""observation.images.hand_right"": 405, ""observation.images.top_head"": 405}",{},,source_timestamp_gap=63.942ms@363,review
task_5867,/root/autodl-tmp/data/sft_data/task_5867,448,data/chunk-000/episode_000448.parquet,431,431,202236,202666,0.15095514059066772,59,12,0.06116199493408203,230,13,0.049278974533081055,230,13,54.39872,57,1,0.0,0.2173333317041397,0.2173333317041397,120.0,0.0,0.0,0.0,1.0,"{""observation.images.hand_left"": 431, ""observation.images.hand_right"": 431, ""observation.images.top_head"": 431}",{},,,pass
task_5867,/root/autodl-tmp/data/sft_data/task_5867,449,data/chunk-000/episode_000449.parquet,407,407,202667,203073,0.17131668329238892,31,12,0.07236528396606445,331,12,0.04613769054412842,222,13,37.714688,183,0,0.0,0.2173333317041397,0.2173333317041397,120.0,0.0,0.0,0.0,1.0,"{""observation.images.hand_left"": 407, ""observation.images.hand_right"": 407, ""observation.images.top_head"": 407}",{},,,pass
task_5867,/root/autodl-tmp/data/sft_data/task_5867,450,data/chunk-000/episode_000450.parquet,445,445,203074,203518,0.15137767791748047,345,12,0.05910778045654297,242,13,0.057288408279418945,247,13,51.00928,108,2,0.0,0.2173333317041397,0.2173333317041397,120.0,0.0,0.0,0.0,1.0,"{""observation.images.hand_left"": 445, ""observation.images.hand_right"": 445, ""observation.images.top_head"": 445}",{},,,pass
task_5867,/root/autodl-tmp/data/sft_data/task_5867,451,data/chunk-000/episode_000451.parquet,475,475,203519,203993,0.1571063995361328,54,12,0.06147503852844238,407,12,0.05135536193847656,293,13,42.969344,443,0,0.0,0.2173333317041397,0.2173333317041397,120.0,0.0,0.0,0.0,1.0,"{""observation.images.hand_left"": 475, ""observation.images.hand_right"": 475, ""observation.images.top_head"": 475}",{},,,pass
task_5867,/root/autodl-tmp/data/sft_data/task_5867,452,data/chunk-000/episode_000452.parquet,446,446,203994,204439,0.17968767881393433,379,12,0.09054768085479736,391,12,0.06421589851379395,284,13,53.256704,185,2,0.0,0.2173333317041397,0.2173333317041397,120.0,0.0,0.0,0.0,1.0,"{""observation.images.hand_left"": 446, ""observation.images.hand_right"": 446, ""observation.images.top_head"": 446}",{},,,pass
task_5867,/root/autodl-tmp/data/sft_data/task_5867,453,data/chunk-000/episode_000453.parquet,473,473,204440,204912,0.13492417335510254,389,12,0.057415008544921875,397,12,0.05090165138244629,275,13,43.432192,454,0,0.0,0.2173333317041397,0.2173333317041397,120.0,0.0,0.0,0.0,1.0,"{""observation.images.hand_left"": 473, ""observation.images.hand_right"": 473, ""observation.images.top_head"": 473}",{},,,pass
task_5867,/root/autodl-tmp/data/sft_data/task_5867,454,data/chunk-000/episode_000454.parquet,474,474,204913,205386,0.1455937623977661,382,12,0.06356287002563477,393,12,0.05121564865112305,259,13,46.408448,138,0,0.0,0.2173333317041397,0.0,120.0,0.0,0.0,0.0,1.0,"{""observation.images.hand_left"": 474, ""observation.images.hand_right"": 474, ""observation.images.top_head"": 474}",{},,,pass
task_5867,/root/autodl-tmp/data/sft_data/task_5867,455,data/chunk-000/episode_000455.parquet,504,504,205387,205890,0.20472705364227295,395,12,0.08760988712310791,407,12,0.05255937576293945,256,13,49.677312,144,0,0.0,0.2173333317041397,0.0,120.0,0.0,0.0,0.0,1.0,"{""observation.images.hand_left"": 504, ""observation.images.hand_right"": 504, ""observation.images.top_head"": 504}",{},,,pass
task_5867,/root/autodl-tmp/data/sft_data/task_5867,456,data/chunk-000/episode_000456.parquet,406,406,205891,206296,0.1722678542137146,43,12,0.06862938404083252,233,13,0.06976509094238281,236,13,43.940352,192,0,0.0,0.2173333317041397,0.2173333317041397,120.0,0.0,0.0,0.0,1.0,"{""observation.images.hand_left"": 406, ""observation.images.hand_right"": 406, ""observation.images.top_head"": 406}",{},,,pass
task_5867,/root/autodl-tmp/data/sft_data/task_5867,457,data/chunk-000/episode_000457.parquet,436,436,206297,206732,0.17544102668762207,34,12,0.09041965007781982,374,12,0.053222477436065674,206,10,45.820672,314,0,0.0,0.2173333317041397,0.2173333317041397,120.0,0.0,0.0,0.0,1.0,"{""observation.images.hand_left"": 436, ""observation.images.hand_right"": 436, ""observation.images.top_head"": 436}",{},,,pass
task_5867,/root/autodl-tmp/data/sft_data/task_5867,458,data/chunk-000/episode_000458.parquet,498,498,206733,207230,0.14200085401535034,43,12,0.05425286293029785,424,12,0.04264777898788452,411,12,44.228352,152,0,0.0,0.2173333317041397,0.2173333317041397,120.0,0.0,0.0,0.0,1.0,"{""observation.images.hand_left"": 498, ""observation.images.hand_right"": 498, ""observation.images.top_head"": 498}",{},,,pass
task_5867,/root/autodl-tmp/data/sft_data/task_5867,459,data/chunk-000/episode_000459.parquet,443,443,207231,207673,0.1655287742614746,39,12,0.05715090036392212,364,12,0.050360679626464844,239,13,45.682944,374,0,0.0,0.2173333317041397,0.2173333317041397,120.0,0.0,0.0,0.0,1.0,"{""observation.images.hand_left"": 443, ""observation.images.hand_right"": 443, ""observation.images.top_head"": 443}",{},,,pass
task_5867,/root/autodl-tmp/data/sft_data/task_5867,460,data/chunk-000/episode_000460.parquet,444,444,207674,208117,0.15993070602416992,379,12,0.07901954650878906,389,12,0.04861569404602051,376,12,41.93792,437,0,0.0,0.2173333317041397,0.2173333317041397,120.0,0.0,0.0,0.0,1.0,"{""observation.images.hand_left"": 444, ""observation.images.hand_right"": 444, ""observation.images.top_head"": 444}",{},,,pass
task_5867,/root/autodl-tmp/data/sft_data/task_5867,461,data/chunk-000/episode_000461.parquet,443,443,208118,208560,0.1451648473739624,41,12,0.05663347244262695,263,13,0.0557178258895874,261,13,49.176064,172,0,0.0,0.2173333317041397,0.2173333317041397,120.0,0.0,0.0,0.0,1.0,"{""observation.images.hand_left"": 443, ""observation.images.hand_right"": 443, ""observation.images.top_head"": 443}",{},,,pass
task_5867,/root/autodl-tmp/data/sft_data/task_5867,462,data/chunk-000/episode_000462.parquet,445,445,208561,209005,0.15169674158096313,33,12,0.05825924873352051,265,13,0.0627676248550415,266,13,44.711168,45,0,0.0,0.2173333317041397,0.2173333317041397,120.0,0.0,0.0,0.0,1.0,"{""observation.images.hand_left"": 445, ""observation.images.hand_right"": 445, ""observation.images.top_head"": 445}",{},,,pass
task_5867,/root/autodl-tmp/data/sft_data/task_5867,463,data/chunk-000/episode_000463.parquet,446,446,209006,209451,0.1510741114616394,31,12,0.05194568634033203,249,13,0.05418217182159424,251,13,42.9312,132,0,0.0,0.2173333317041397,0.2173333317041397,120.0,0.0,0.0,0.0,1.0,"{""observation.images.hand_left"": 446, ""observation.images.hand_right"": 446, ""observation.images.top_head"": 446}",{},,,pass
task_5867,/root/autodl-tmp/data/sft_data/task_5867,464,data/chunk-000/episode_000464.parquet,446,446,209452,209897,0.15978789329528809,34,12,0.06158149242401123,244,13,0.05615413188934326,246,13,45.864704,395,0,0.0,0.2173333317041397,0.2173333317041397,120.0,0.0,0.0,0.0,1.0,"{""observation.images.hand_left"": 446, ""observation.images.hand_right"": 446, ""observation.images.top_head"": 446}",{},,,pass
task_5867,/root/autodl-tmp/data/sft_data/task_5867,465,data/chunk-000/episode_000465.parquet,376,376,209898,210273,0.1447756290435791,312,12,0.06621897220611572,205,13,0.07318532466888428,207,13,47.122944,192,0,0.0,0.2173333317041397,0.2173333317041397,120.0,0.0,0.0,0.0,1.0,"{""observation.images.hand_left"": 376, ""observation.images.hand_right"": 376, ""observation.images.top_head"": 376}",{},,,pass
task_5867,/root/autodl-tmp/data/sft_data/task_5867,466,data/chunk-000/episode_000466.parquet,409,409,210274,210682,0.16764569282531738,323,12,0.0869220495223999,330,12,0.060568928718566895,217,13,44.066048,393,0,0.0,0.2173333317041397,0.2173333317041397,120.0,0.0,0.0,0.0,1.0,"{""observation.images.hand_left"": 409, ""observation.images.hand_right"": 409, ""observation.images.top_head"": 409}",{},,,pass
task_5867,/root/autodl-tmp/data/sft_data/task_5867,467,data/chunk-000/episode_000467.parquet,415,415,210683,211097,0.1626979112625122,336,12,0.06899392604827881,349,12,0.05493271350860596,215,13,46.14144,78,0,0.0,0.2173333317041397,0.2173333317041397,120.0,0.0,0.0,0.0,1.0,"{""observation.images.hand_left"": 415, ""observation.images.hand_right"": 415, ""observation.images.top_head"": 415}",{},,,pass
task_5867,/root/autodl-tmp/data/sft_data/task_5867,468,data/chunk-000/episode_000468.parquet,421,421,211098,211518,0.1714600920677185,339,12,0.07773423194885254,351,12,0.0628199577331543,237,13,50.140416,348,1,0.0,0.2173333317041397,0.2173333317041397,120.0,0.0,0.0,0.0,1.0,"{""observation.images.hand_left"": 421, ""observation.images.hand_right"": 421, ""observation.images.top_head"": 421}",{},,,pass
task_5867,/root/autodl-tmp/data/sft_data/task_5867,469,data/chunk-000/episode_000469.parquet,436,436,211519,211954,0.14944201707839966,61,12,0.07559192180633545,387,12,0.06784558296203613,261,13,45.876992,418,0,0.0,0.2173333317041397,0.2173333317041397,120.0,0.0,0.0,0.0,1.0,"{""observation.images.hand_left"": 436, ""observation.images.hand_right"": 436, ""observation.images.top_head"": 436}",{},,,pass
task_5867,/root/autodl-tmp/data/sft_data/task_5867,470,data/chunk-000/episode_000470.parquet,439,439,211955,212393,0.1371888518333435,47,12,0.05658900737762451,240,13,0.05482792854309082,239,13,41.75872,214,0,0.0,0.2173333317041397,0.2173333317041397,120.0,0.0,0.0,0.0,1.0,"{""observation.images.hand_left"": 439, ""observation.images.hand_right"": 439, ""observation.images.top_head"": 439}",{},,,pass
task_5867,/root/autodl-tmp/data/sft_data/task_5867,471,data/chunk-000/episode_000471.parquet,444,444,212394,212837,0.15895026922225952,29,12,0.06196856498718262,234,13,0.0578991174697876,236,13,44.347392,152,0,0.0,0.2173333317041397,0.0,120.0,0.0,0.0,0.0,1.0,"{""observation.images.hand_left"": 444, ""observation.images.hand_right"": 444, ""observation.images.top_head"": 444}",{},,,pass
task_5867,/root/autodl-tmp/data/sft_data/task_5867,472,data/chunk-000/episode_000472.parquet,411,411,212838,213248,0.1606745719909668,303,12,0.08092570304870605,312,12,0.06034219264984131,207,13,51.615232,166,1,0.0,0.2173333317041397,0.2173333317041397,120.0,0.0,0.0,0.0,1.0,"{""observation.images.hand_left"": 411, ""observation.images.hand_right"": 411, ""observation.images.top_head"": 411}",{},,,pass
task_5867,/root/autodl-tmp/data/sft_data/task_5867,473,data/chunk-000/episode_000473.parquet,415,415,213249,213663,0.175612211227417,330,12,0.07490658760070801,340,12,0.0553513765335083,225,13,42.18624,395,0,0.0,0.2173333317041397,0.2173333317041397,120.0,0.0,0.0,0.0,1.0,"{""observation.images.hand_left"": 415, ""observation.images.hand_right"": 415, ""observation.images.top_head"": 415}",{},,,pass
task_5867,/root/autodl-tmp/data/sft_data/task_5867,474,data/chunk-000/episode_000474.parquet,443,443,213664,214106,0.14272934198379517,40,12,0.06539905071258545,236,13,0.06189525127410889,245,13,40.483584,306,0,0.0,0.2173333317041397,0.2173333317041397,120.0,0.0,0.0,0.0,1.0,"{""observation.images.hand_left"": 443, ""observation.images.hand_right"": 443, ""observation.images.top_head"": 443}",{},,,pass
task_5867,/root/autodl-tmp/data/sft_data/task_5867,475,data/chunk-000/episode_000475.parquet,438,438,214107,214544,0.14041030406951904,28,12,0.05844986438751221,237,13,0.05828297138214111,239,13,46.596352,396,0,0.0,0.2173333317041397,0.2173333317041397,120.0,0.0,0.0,0.0,1.0,"{""observation.images.hand_left"": 438, ""observation.images.hand_right"": 438, ""observation.images.top_head"": 438}",{},,,pass
task_5867,/root/autodl-tmp/data/sft_data/task_5867,476,data/chunk-000/episode_000476.parquet,407,407,214545,214951,0.1628243327140808,324,12,0.07421231269836426,335,12,0.065926194190979,221,13,45.460992,229,0,0.0,0.2173333317041397,0.2173333317041397,120.0,0.0,0.0,0.0,1.0,"{""observation.images.hand_left"": 407, ""observation.images.hand_right"": 407, ""observation.images.top_head"": 407}",{},,,pass
task_5867,/root/autodl-tmp/data/sft_data/task_5867,477,data/chunk-000/episode_000477.parquet,406,406,214952,215357,0.14166295528411865,23,12,0.05878913402557373,215,13,0.06275010108947754,212,13,49.62688,62,0,0.0,0.2173333317041397,0.2173333317041397,120.0,0.0,0.0,0.0,1.0,"{""observation.images.hand_left"": 406, ""observation.images.hand_right"": 406, ""observation.images.top_head"": 406}",{},,,pass
task_5867,/root/autodl-tmp/data/sft_data/task_5867,478,data/chunk-000/episode_000478.parquet,387,387,215358,215744,0.1735944151878357,305,12,0.08265984058380127,317,12,0.054426610469818115,303,12,42.717696,355,0,0.0,0.2173333317041397,0.2173333317041397,120.0,0.0,0.0,0.0,1.0,"{""observation.images.hand_left"": 387, ""observation.images.hand_right"": 387, ""observation.images.top_head"": 387}",{},,,pass
